planning_room_id,planning_room_name,mission_count_all,mission_count_ems,mission_count_ems_critical,mission_count_ems_critical_cpr,mission_count_fire,mission_count_technical_rescue,mission_count_ems_critical_timegoal_computed,mission_count_fire_timegoal_computed,mission_count_ems_critical_timegoal_reached,mission_count_fire_timegoal_reached,response_time_ems_critical_mean,response_time_ems_critical_median,response_time_ems_critical_std,response_time_ems_critical_cpr_mean,response_time_ems_critical_cpr_median,response_time_ems_critical_cpr_std,response_time_fire_time_to_first_pump_mean,response_time_fire_time_to_first_pump_median,response_time_fire_time_to_first_pump_std,response_time_fire_time_to_first_ladder_mean,response_time_fire_time_to_first_ladder_median,response_time_fire_time_to_first_ladder_std,response_time_fire_time_to_full_crew_mean,response_time_fire_time_to_full_crew_median,response_time_fire_time_to_full_crew_std,response_time_technical_rescue_mean,response_time_technical_rescue_median,response_time_technical_rescue_std
01100101,Stülerstraße,559,358,205,2,36,22,178,23,144,22,558.5449438202247,538.5,164.62,416.5,416.5,65.76,598.5,547.5,199.55,632.4,602.0,245.14,684.4642173913045,678.977,132.39,932.0666666666667,867.0,452.81
01100102,Großer Tiergarten,1561,1268,541,10,168,83,457,120,303,102,597.9912472647702,581.0,187.64,521.0,499.0,64.05,624.8110236220473,624.0,126.7,718.1181102362204,695.0,136.08,785.4586083333332,732.5985000000001,176.85,954.5094339622641,936.0,310.04
01100103,Lützowstraße,1069,832,435,12,54,35,371,27,282,23,553.3827493261456,538.0,160.87,473.77777777777777,482.0,65.11,628.4242424242424,607.0,160.2,707.0322580645161,685.0,133.16,732.4266666666667,690.31,130.18,929.7857142857143,964.5,370.22
01100104,Körnerstraße,474,410,212,4,29,29,177,12,132,10,573.6101694915254,565.0,145.78,486.6666666666667,488.0,33.02,709.7619047619048,631.0,186.15,734.5,760.0,88.0,747.9588333333332,722.2415,122.79,877.0,919.0,263.74
01100205,Wilhelmstraße,840,688,306,9,105,42,269,55,206,46,587.910780669145,572.0,176.49,457.4,466.0,98.79,607.8395061728395,596.0,121.06,709.1428571428571,703.5,117.69,778.6552181818182,760.536,135.8,932.3,899.5,386.61
01100206,Unter den Linden,2125,1830,846,4,188,104,744,125,559,111,570.6680107526881,552.0,176.3,412.0,412.0,,564.5608108108108,546.0,106.42,718.2290076335878,707.0,128.14,755.5587440000003,725.764,160.57,964.6233766233767,903.0,391.24
01100207,Leipziger Straße,1196,1032,545,5,95,64,473,58,381,56,563.8816067653277,542.0,159.97,474.5,474.5,96.87,557.8450704225352,548.0,104.37,664.578947368421,678.0,137.08,730.7603448275863,721.6285,104.3,859.4509803921569,740.0,393.78
01100308,Charitéviertel,1898,1143,556,8,164,52,478,82,370,75,542.7698744769874,505.0,184.98,411.0,449.5,108.82,556.5742574257425,541.0,138.69,670.9425287356322,666.0,138.43,709.7438902439027,682.2215,140.01,792.4857142857143,669.0,458.07
01100309,Oranienburger Straße,2031,1626,770,5,199,94,667,104,513,96,561.6071964017991,545.0,177.75,293.0,293.0,,521.1240875912408,526.0,110.0,680.8981481481482,654.5,141.07,696.4974038461539,664.689,134.88,979.15625,903.0,458.92
01100310,Alexanderplatzviertel,4050,3709,1676,23,229,106,1449,132,1162,119,536.9178743961353,500.0,184.05,450.1666666666667,462.0,77.88,527.3296089385475,489.0,156.21,657.6737588652483,640.0,129.4,707.8297803030302,681.675,139.59,818.075,712.5,352.41
01100311,Karl-Marx-Allee,1434,1275,670,14,105,53,597,52,487,49,523.1390284757119,488.0,188.46,410.6,392.0,68.54,481.4810126582278,437.0,143.68,606.24,589.5,89.28,666.6852884615387,633.7735,134.02,872.0731707317074,747.0,408.16
01100312,Heine-Viertel West,1141,1053,511,0,42,45,459,18,383,17,535.5773420479303,512.0,160.51,,,,551.3666666666667,522.5,137.95,618.0869565217391,613.0,85.57,672.545888888889,642.4515,105.36,757.59375,652.5,325.44
01100313,Heine-Viertel Ost,1088,988,526,4,62,38,472,20,404,18,525.5635593220339,507.0,143.48,421.0,438.0,34.77,521.578947368421,504.5,123.11,594.8947368421053,539.0,146.24,670.9452000000001,606.588,163.14,860.3,673.0,447.54
01100414,Nordbahnhof,363,327,154,1,23,13,135,13,114,12,529.7777777777778,505.0,178.0,504.0,504.0,,570.7333333333333,552.0,136.36,713.9166666666666,705.0,155.88,723.2794615384615,728.973,101.05,837.2857142857143,675.0,361.0
01100415,Invalidenstraße,1107,990,462,5,62,54,410,24,332,23,547.3634146341464,521.0,179.85,346.25,355.5,85.53,525.5,514.5,117.84,614.4444444444445,600.0,87.04,684.6008333333334,640.9835,144.51,934.4666666666667,692.0,506.79
01100416,Arkonaplatz,855,779,400,7,32,44,358,8,281,8,556.8128491620112,544.0,173.19,397.8333333333333,387.0,132.2,511.72727272727275,486.5,119.31,557.7272727272727,539.0,76.83,644.437125,642.9385,97.72,822.0,627.5,481.98
01200517,Huttenkiez,797,686,351,5,56,55,300,21,196,18,614.46,593.0,167.54,496.3333333333333,482.0,40.45,629.7096774193549,619.0,167.16,778.9130434782609,730.0,282.19,749.2809047619046,719.206,162.34,800.2790697674419,734.0,252.56
01200518,Beusselkiez,568,512,286,2,34,22,252,5,167,5,597.6150793650794,590.0,168.93,455.5,455.5,6.36,498.63157894736844,482.0,86.96,667.0,593.0,232.26,634.4316,638.65,73.86,972.6842105263158,920.0,322.85
01200519,Emdener Straße,783,720,376,5,30,32,322,4,214,4,608.4689440993789,594.0,180.62,505.5,505.5,20.51,591.3529411764706,591.0,104.57,916.0,841.0,171.29,629.47675,626.277,36.09,853.9565217391304,787.0,292.26
01200520,Bremer Straße,1093,1002,519,9,39,52,442,9,337,9,568.0022624434389,552.5,159.85,429.4,438.0,70.82,619.6666666666666,573.0,191.82,625.4545454545455,617.0,110.24,692.7512222222222,707.66,56.6,896.6363636363636,796.0,371.42
01200521,Zwinglistraße,580,529,308,3,23,28,260,10,183,9,585.0076923076923,557.5,190.9,403.0,403.0,100.41,536.2666666666667,508.0,166.58,719.5833333333334,689.5,110.66,718.3563999999999,698.01,99.55,889.0,948.5,353.9
01200522,Elberfelder Straße,1179,1094,597,6,35,50,509,12,396,12,553.9685658153242,528.0,199.52,438.0,438.0,18.38,531.6315789473684,469.0,190.16,728.5,680.5,335.09,688.8608333333333,689.3755,38.66,827.953488372093,907.0,385.73
01200623,Stephankiez,1078,985,455,8,43,50,401,13,275,12,608.9600997506234,573.0,193.57,464.14285714285717,448.0,156.23,573.0416666666666,524.5,191.07,761.7647058823529,699.0,288.0,685.6732307692308,698.566,125.41,880.1315789473684,774.5,423.75
01200624,Heidestraße,781,677,331,2,72,32,295,47,211,39,587.8677966101695,549.0,194.2,381.0,381.0,,548.5555555555555,517.0,136.85,683.3469387755102,668.0,149.83,721.571744680851,691.463,165.41,974.2916666666666,735.5,484.22
01200625,Lübecker Straße,873,808,450,10,38,26,390,15,271,14,589.3333333333334,562.0,173.42,462.2857142857143,461.0,91.99,542.4761904761905,543.0,70.43,811.4166666666666,752.5,334.38,694.6569999999999,678.76,145.21,816.7083333333334,731.5,349.62
01200626,Thomasiusstraße,618,559,276,3,22,37,238,11,185,11,552.2899159663865,519.0,159.92,579.5,579.5,127.99,515.4666666666667,485.0,114.8,574.75,516.0,137.86,700.2248181818181,706.033,86.72,738.8709677419355,633.0,331.04
01200627,Zillesiedlung,560,533,287,4,11,15,257,1,190,1,578.3735408560311,544.0,203.48,440.3333333333333,457.0,32.39,463.25,462.5,42.95,843.0,843.0,,621.347,621.347,,718.6666666666666,606.0,285.08
01200628,Lüneburger Straße,2727,2450,1169,6,221,56,1008,159,789,142,533.3253968253969,508.5,187.46,307.0,287.0,63.77,492.3862433862434,435.0,159.72,672.2285714285714,671.0,149.72,752.6089182389939,736.883,141.9,802.3333333333334,710.5,379.55
01200629,Hansaviertel,703,648,332,4,27,28,278,8,196,7,584.1870503597122,570.0,171.88,351.0,351.0,,605.6666666666666,565.0,160.06,678.4545454545455,648.0,173.73,701.7373749999999,671.8415,113.21,826.2857142857143,774.0,320.56
01300730,Drontheimer Straße,1003,805,420,3,25,33,381,6,250,6,615.0314960629921,594.0,195.58,482.0,482.0,,592.6842105263158,563.0,124.39,736.0,733.5,158.28,713.7208333333333,728.572,102.88,828.9615384615385,677.0,417.81
01300731,Koloniestraße,758,695,402,3,28,34,359,9,243,8,628.2423398328691,589.0,207.04,468.0,444.0,42.44,521.9090909090909,514.0,102.96,830.1111111111111,743.0,358.71,699.1423333333333,621.5799999999999,239.79,1053.6315789473683,775.0,509.49
01300732,Soldiner Straße,898,820,450,9,41,37,403,10,258,9,615.014888337469,594.0,177.17,500.85714285714283,509.0,34.78,526.36,532.0,106.93,714.0,676.0,180.06,757.6495,717.7845,145.36,1014.3225806451613,924.0,402.9
01300733,Gesundbrunnen,1432,1330,727,8,40,62,631,17,462,16,576.6909667194928,543.0,187.65,445.875,412.0,113.44,529.5185185185185,509.0,101.55,743.125,632.5,338.06,660.3202941176471,644.424,94.27,931.1020408163265,758.0,436.32
01300834,Brunnenstraße,1890,1742,941,7,71,77,855,9,669,8,546.1754385964912,521.0,160.11,424.4,412.0,47.92,534.84,517.5,163.59,684.75,576.0,317.13,714.6848888888888,689.186,164.75,848.2333333333333,641.0,454.46
01300835,Humboldthain Süd,1247,1146,592,6,52,49,538,9,395,9,560.5334572490706,525.5,181.64,368.8333333333333,330.5,127.16,517.8285714285714,493.0,155.88,711.2,654.0,184.67,673.4802222222222,707.587,101.21,996.1470588235294,856.0,436.34
01300836,Humboldthain Nordwest,2040,1837,993,7,94,107,870,30,711,23,522.8666666666667,475.0,196.46,341.2,340.0,102.32,489.6333333333333,443.0,184.03,681.8709677419355,687.0,141.88,739.6299,703.028,165.54,770.3411764705883,511.0,465.36
01400937,Afrikanische Straße,1530,1404,786,9,53,72,695,11,468,10,591.7093525179856,559.0,182.46,430.0,428.0,30.05,548.8484848484849,537.0,112.79,825.0,771.0,213.91,717.8321818181818,710.913,152.43,965.3829787234042,964.0,331.96
01400938,Kameruner Straße,1908,963,524,12,52,61,463,15,351,14,565.5658747300216,519.0,202.08,493.3333333333333,484.0,126.89,555.7857142857143,546.5,100.95,684.9230769230769,694.0,140.06,701.7102666666667,694.42,118.39,837.7916666666666,863.5,381.55
01400939,Glasgower Straße,833,774,401,6,34,23,368,3,313,3,506.0733695652174,478.5,171.34,315.2,319.0,69.62,494.27777777777777,472.5,116.15,668.1428571428571,632.0,396.18,642.2753333333334,633.923,102.39,739.4375,614.0,466.53
01400940,Schillerpark,882,835,474,2,24,21,423,8,323,8,570.7328605200946,522.0,206.42,428.5,428.5,57.28,491.11764705882354,449.0,135.91,671.0,682.0,124.78,716.7785,716.825,61.95,879.1764705882352,928.0,388.08
01400941,Londoner Straße,445,417,238,4,13,15,222,2,162,2,597.2792792792793,581.5,168.74,478.0,474.0,38.16,521.375,511.0,84.66,626.3333333333334,617.0,60.54,621.735,621.735,6.06,776.9090909090909,716.0,219.98
01400942,Westliche Müllerstraße,1018,927,482,4,46,45,422,11,334,7,551.9857819905213,515.0,199.96,329.0,329.0,,585.5238095238095,554.0,127.24,793.3846153846154,720.0,277.35,769.7655454545455,744.464,179.93,903.8333333333334,832.0,417.0
01401043,Antonstraße,910,849,475,12,36,25,407,11,332,8,541.9090909090909,507.0,183.79,402.5,414.0,82.67,577.5,503.5,234.11,665.6153846153846,633.0,136.82,846.7323636363636,754.767,258.17,744.6666666666666,609.5,345.91
01401044,Uferstraße,979,892,464,10,41,46,389,8,308,8,538.9177377892031,498.0,205.7,358.125,340.0,76.45,467.59090909090907,443.0,90.88,825.1428571428571,712.0,424.05,705.8993750000001,666.092,115.33,850.6857142857143,717.0,381.27
01401045,Schwedenstraße,819,747,371,4,33,38,325,3,263,2,542.1969230769231,518.0,168.84,367.5,372.5,91.54,552.6875,495.5,181.59,746.0,696.5,156.68,822.469,766.887,129.86,792.7666666666667,604.5,382.71
01401046,Nordufer,638,559,304,2,44,35,270,20,193,19,603.2481481481482,553.0,212.85,536.0,536.0,,554.9230769230769,527.5,111.94,691.8333333333334,666.5,149.76,693.9678000000001,692.668,117.39,913.5,905.5,389.99
01401047,Sparrplatz,849,794,402,8,23,31,353,7,268,7,562.1983002832861,518.0,207.0,401.8,399.0,36.47,506.4,485.5,136.63,739.0,642.0,240.85,588.5110000000001,514.7,143.28,873.1428571428571,769.0,434.01
01401048,Leopoldplatz,1054,953,498,11,35,65,443,5,340,5,567.2121896162528,520.0,201.15,455.7142857142857,443.0,67.98,529.0588235294117,531.0,164.05,834.0,740.0,474.62,654.544,694.25,165.66,983.26,834.0,439.38
01401049,Schulstraße,1238,1045,581,15,23,41,514,9,401,9,555.9922178988327,528.0,174.98,466.42857142857144,494.0,106.79,493.7857142857143,496.0,68.05,657.1111111111111,678.0,65.39,637.6964444444443,635.694,71.26,840.7,725.5,412.42
02100101,Askanischer Platz,1341,1188,564,8,90,62,495,47,375,44,580.369696969697,553.0,169.57,432.5,429.0,26.86,590.876923076923,568.0,105.02,682.12,679.5,125.27,726.5092340425533,716.213,111.75,854.1020408163265,776.0,333.58
02100102,Mehringplatz,1400,1236,612,6,117,45,549,35,433,33,553.3970856102004,538.0,148.35,362.0,380.0,79.75,551.9176470588235,536.0,108.84,647.5,626.0,138.16,698.2666285714286,692.026,128.08,859.0,769.0,371.51
02100103,Am Berlin Museum,548,507,267,7,22,19,246,12,209,12,531.6260162601626,521.0,136.31,340.25,344.5,14.22,526.0526315789474,512.0,79.18,709.3076923076923,630.0,148.2,699.21125,683.2715000000001,119.55,786.6428571428571,704.0,253.88
02100104,Moritzplatz,849,776,431,3,37,36,378,15,328,14,507.69312169312167,487.5,150.59,365.5,365.5,53.03,487.42857142857144,462.5,126.86,637.375,583.0,205.38,668.8330000000001,599.923,149.66,802.2142857142857,704.0,335.5
02100105,Prinzenstraße,1120,1035,527,9,37,48,460,9,404,9,500.15,469.5,169.71,360.57142857142856,352.0,32.82,489.0416666666667,461.0,197.78,660.3333333333334,579.0,291.16,587.0705555555555,587.3330000000001,61.23,692.7073170731708,605.0,275.3
02100106,Wassertorplatz,1175,1089,534,9,41,44,450,10,390,10,500.3644444444444,472.0,151.25,379.8333333333333,375.5,50.68,477.5652173913044,425.0,129.72,559.3333333333334,514.0,134.42,593.4569,592.3285,83.67,679.3421052631579,602.0,293.19
02200207,Gleisdreieck,435,377,174,3,37,21,148,17,85,12,647.8918918918919,602.5,211.41,457.0,457.0,,637.9642857142857,630.0,99.09,720.7894736842105,719.0,69.94,815.6513529411764,775.69,184.8,956.5294117647059,943.0,376.09
02200208,Rathaus Yorckstraße,988,937,527,7,23,26,448,8,373,8,542.6629464285714,527.0,169.79,498.3333333333333,508.0,61.68,557.2666666666667,569.0,135.8,629.1111111111111,625.0,166.13,696.3348749999999,700.8679999999999,106.15,711.3809523809524,594.0,301.22
02200209,Viktoriapark,881,804,429,3,27,48,380,5,298,5,563.1342105263158,540.0,166.93,527.5,527.5,53.03,564.5263157894736,526.0,138.71,583.8,598.0,79.19,652.4694,661.227,31.33,856.921052631579,772.5,358.77
02200210,Urbanstraße,1296,1183,605,10,46,61,517,5,416,5,528.0986460348163,497.0,190.39,370.8333333333333,319.0,128.12,466.3809523809524,448.0,113.21,684.1111111111111,693.0,141.54,650.7328,660.29,68.97,662.2291666666666,560.5,375.72
02200211,Chamissokiez,1370,1265,670,7,44,60,599,14,462,13,576.2754590984975,563.0,155.4,397.5,444.5,99.86,556.6060606060606,559.0,107.34,722.8,713.0,143.42,701.2260714285715,679.9784999999999,114.22,848.8139534883721,730.0,381.41
02200212,Graefekiez Süd,845,764,374,5,45,34,318,10,234,9,563.3018867924528,535.0,182.66,457.75,465.0,46.41,531.5,520.5,153.84,655.8,603.0,157.7,737.9075999999999,676.438,158.25,700.9230769230769,640.0,233.76
02200213,Graefekiez Nord,1449,1038,524,7,56,76,457,22,347,20,558.945295404814,530.0,196.17,421.0,376.0,88.82,540.7567567567568,502.0,149.15,721.28,699.0,211.78,743.5732727272726,714.2085,103.83,814.6833333333333,687.0,382.94
02300314,Oranienplatz,1629,1507,802,5,67,52,692,24,614,20,494.67052023121386,471.0,154.13,353.4,382.0,78.57,514.3214285714286,460.5,157.03,598.3,603.0,170.58,646.9290833333332,589.1120000000001,173.67,806.2777777777778,690.5,396.57
02300315,Lausitzer Platz,953,879,469,7,32,41,410,12,340,8,517.3634146341464,477.5,199.1,320.2,291.0,53.62,550.7222222222222,495.0,208.28,682.7272727272727,570.0,286.18,782.1695,865.1800000000001,200.4,1027.9705882352941,918.0,450.72
02300316,Köpenicker Straße,708,643,358,4,27,38,310,6,267,6,519.5,497.5,163.82,401.0,401.0,14.14,477.6875,468.0,49.48,724.2,794.0,231.85,581.1534999999999,557.572,136.0,868.5357142857143,799.0,442.92
02300417,Reichenberger Straße West,1029,960,520,8,40,27,447,14,384,14,487.11185682326624,445.0,176.21,330.3333333333333,346.0,90.52,494.28,455.0,128.34,682.7142857142857,612.5,226.41,635.1123571428571,618.634,87.89,808.9545454545455,660.0,430.71
02300418,Reichenberger Straße Ost,847,759,387,6,41,46,327,4,256,3,532.4862385321101,491.0,196.51,424.0,397.0,85.77,571.5714285714286,453.0,230.21,694.6,514.0,406.15,737.15075,638.992,249.72,755.8,693.0,341.13
02300419,Wrangelkiez,1185,1108,566,9,28,48,470,4,381,2,550.5382978723404,521.5,182.54,451.5,447.5,47.31,483.36842105263156,479.0,104.66,662.6666666666666,592.0,225.54,805.7067499999999,843.2935,179.94,887.9512195121952,882.0,366.59
02400520,Barnimkiez,1203,804,438,4,47,23,389,25,315,22,541.2262210796915,501.0,182.96,380.0,417.5,118.67,525.0,527.0,129.86,634.0,638.5,100.32,729.8282400000003,714.453,195.05,1048.3333333333333,1181.0,443.37
02400521,Friedenstraße,912,838,407,6,43,31,370,11,312,11,525.6162162162162,498.5,168.21,393.3333333333333,415.5,143.13,503.75,497.0,67.47,628.3333333333334,681.0,211.54,590.0675454545454,578.304,86.7,951.6818181818181,989.5,374.86
02400522,Richard-Sorge-Viertel,973,894,462,10,46,32,409,16,321,15,539.3643031784841,511.0,163.38,441.57142857142856,459.0,58.43,523.2222222222222,508.0,98.43,726.0,716.0,166.43,721.32575,714.6235,110.03,1043.12,1109.0,511.89
02400623,Andreasviertel,2407,2220,1122,15,102,84,998,58,866,53,505.8637274549098,483.5,159.24,401.2307692307692,417.0,92.02,491.68055555555554,453.5,138.52,572.438596491228,540.0,133.55,674.5056206896553,629.1715,180.6,873.8571428571429,679.0,426.8
02400624,Weberwiese,1376,1240,581,5,85,49,509,23,438,22,491.9253438113949,465.0,175.99,433.25,408.0,82.56,463.7169811320755,393.0,153.12,573.8666666666667,605.5,208.84,678.2717826086956,652.64,141.72,773.8235294117648,567.0,444.87
02400625,Wriezener Bahnhof,1250,1089,506,4,123,36,422,78,358,67,513.931279620853,490.5,158.15,348.0,348.0,56.57,531.12,498.5,140.97,617.7469879518072,578.0,180.28,707.1836282051281,647.8185000000001,196.24,678.8571428571429,587.5,280.82
02500726,Hausburgviertel,545,473,235,3,37,35,202,7,157,7,560.8019801980198,549.5,186.28,420.3333333333333,375.0,113.98,606.3684210526316,587.0,208.13,697.2727272727273,602.0,312.67,698.0975714285713,683.607,77.22,1053.125,1099.5,421.23
02500727,Forckenbeckplatz,546,498,269,9,25,23,240,2,194,2,541.5333333333333,522.5,158.51,425.0,428.0,22.59,669.7142857142857,619.0,173.43,552.0,552.0,33.94,791.0350000000001,791.0350000000001,28.62,1196.75,1365.5,586.68
02500728,Samariterviertel,707,627,306,9,51,27,274,9,218,7,570.3978102189781,566.5,137.5,427.375,445.0,93.57,566.695652173913,537.0,136.73,669.9090909090909,576.0,222.37,694.995,623.594,192.81,1013.0952380952381,1154.0,399.82
02500729,Pettenkofer Straße,715,666,347,7,26,22,296,3,248,2,558.5236486486486,539.5,145.19,436.85714285714283,453.0,117.44,602.25,592.5,75.88,625.2,626.0,236.47,936.0143333333334,728.69,425.08,1143.4444444444443,1274.0,483.48
02500830,Niederbarnimstraße,318,283,133,3,21,14,120,3,102,3,534.1916666666667,517.5,162.9,414.0,397.0,107.51,537.5333333333333,475.0,160.51,494.25,474.5,101.42,615.2073333333333,604.0129999999999,50.11,1069.0833333333333,1211.0,527.19
02500831,Wismarplatz,602,518,254,6,59,24,235,21,191,18,562.6765957446809,550.0,152.58,418.0,363.0,124.01,544.2894736842105,506.5,117.12,713.8333333333334,688.5,148.03,753.6673809523808,744.22,150.25,1059.5,993.5,507.39
02500832,Traveplatz,680,594,302,8,45,41,262,14,212,11,560.412213740458,554.5,150.37,441.2857142857143,433.0,49.23,561.1612903225806,553.0,157.86,623.25,586.5,132.14,696.876,683.78,150.04,941.3636363636364,755.0,431.2
02500833,Boxhagener Platz,910,826,415,2,44,39,373,9,305,9,526.739946380697,497.0,165.13,336.0,336.0,66.47,493.61538461538464,473.5,88.35,598.25,618.0,115.85,669.7612222222222,643.297,52.6,1042.0,1195.5,479.46
02500834,Revaler Straße,1150,1042,544,3,59,48,459,18,376,15,534.40522875817,505.0,179.08,401.3333333333333,402.0,18.01,530.9117647058823,495.0,130.83,578.0,552.0,193.35,745.3114444444445,725.825,145.49,913.4516129032259,726.0,422.87
02500835,Stralauer Kiez,2001,1845,903,12,82,73,788,40,613,37,562.0799492385787,540.5,169.01,410.55555555555554,400.0,104.21,562.6481481481482,528.5,165.0,639.7021276595744,592.0,182.39,663.3096250000001,631.6265,135.14,853.0185185185185,731.5,382.87
02500836,Stralauer Halbinsel,424,387,200,5,18,19,173,8,92,7,655.6184971098265,628.0,159.89,536.2,575.0,84.99,643.7142857142857,652.0,63.11,684.5,679.0,52.31,762.207375,727.9645,119.72,1320.4615384615386,1432.0,469.89
03100101,Bucher Forst,528,440,219,8,62,26,161,14,60,4,713.0186335403727,703.0,158.94,706.2,695.0,123.91,775.8372093023256,769.0,160.08,932.25,901.0,137.26,963.7842142857143,940.3265,126.6,976.5,934.5,334.12
03100102,Klinikum Buch,667,397,213,4,26,24,174,12,129,2,605.1666666666666,570.5,179.9,489.0,476.5,60.17,728.6666666666666,702.0,86.14,744.3333333333334,774.0,189.14,1002.2660833333333,1019.9635,132.55,734.1,751.5,205.24
03100103,Karower Chaussee,1151,1054,536,6,54,43,432,14,301,4,634.8611111111111,572.5,221.69,501.0,493.0,134.49,761.4545454545455,741.0,124.74,878.0,861.5,178.83,1112.340357142857,1037.228,332.35,1005.1875,1027.0,514.21
03200204,Blankenfelde,232,207,110,1,17,7,83,3,41,2,715.5421686746988,655.0,244.13,542.0,542.0,,631.625,562.5,200.79,1035.5,969.5,468.5,881.9539999999998,880.106,303.42,1123.0,1009.5,519.79
03200205,Uhlandstraße,794,745,439,7,17,31,370,4,180,4,694.2810810810811,660.0,194.73,584.75,617.5,137.64,584.0,594.0,72.27,772.2,771.0,59.7,722.7415000000001,693.635,80.62,878.3684210526316,728.0,446.84
03200206,Pastor-Niemöller-Platz,542,515,260,3,8,17,231,0,129,0,643.7142857142857,632.0,169.1,437.6666666666667,401.0,111.61,581.8571428571429,531.0,147.28,,,,,,,1046.090909090909,993.0,408.07
03200207,Herthaplatz,888,828,457,9,22,35,391,1,208,0,657.2787723785166,633.0,182.21,450.3333333333333,434.0,90.74,515.6923076923077,530.0,82.62,902.0,902.0,,968.3,968.3,,814.1363636363636,696.0,365.38
03200308,Nisbléstraße,371,350,206,4,12,9,180,1,105,1,659.6722222222222,620.5,199.42,513.3333333333334,491.0,91.57,564.1428571428571,549.0,92.48,664.0,664.0,,624.6800000000001,624.6800000000001,,1495.2,1616.0,411.0
03200309,Eddastraße,472,442,230,7,7,23,204,0,128,0,655.3333333333334,612.5,210.57,500.5,556.5,121.91,547.3333333333334,583.0,111.85,,,,,,,1207.0714285714287,1338.5,456.79
03200310,Krugpfuhl,655,630,356,8,11,14,306,2,144,1,698.0196078431372,661.0,180.04,508.6666666666667,496.5,110.96,643.0,592.0,86.81,730.3333333333334,639.0,202.12,800.355,800.355,228.87,890.8888888888889,801.0,330.84
03300411,Karow Nord,799,772,380,10,15,12,317,3,212,3,620.7697160883281,565.0,225.61,550.5555555555555,525.0,119.72,657.1,679.0,121.88,798.5,798.5,12.02,805.0223333333333,800.457,28.22,948.8571428571429,722.0,520.09
03300412,Karow Bahnhof,421,379,224,1,14,26,184,2,107,1,641.8315217391304,600.5,231.04,391.0,391.0,,708.8571428571429,732.0,114.39,,,,847.1285,847.1285,149.58,984.5,796.0,369.57
03300413,Karow Ost,187,179,110,3,1,6,85,0,53,0,607.8,580.0,176.72,534.0,534.0,151.32,693.0,693.0,,,,,,,,1487.0,1487.0,
03300514,Blankenburg,668,613,346,9,33,22,311,8,156,6,682.5948553054662,652.0,198.08,480.8333333333333,475.0,42.14,647.05,600.5,222.92,929.1111111111111,890.0,139.7,883.438625,820.703,198.39,805.9166666666666,719.5,453.78
03300515,Blankenburger Süden,13,9,7,0,2,2,5,0,2,0,627.4,667.0,153.11,,,,1243.0,1243.0,,,,,,,,813.0,813.0,284.26
03300516,Heinersdorf,1121,1054,554,8,34,32,511,9,339,9,624.600782778865,603.0,158.89,562.7142857142857,517.0,118.84,695.7222222222222,650.5,184.93,707.9090909090909,666.0,124.79,727.0962222222221,712.25,51.91,804.8095238095239,684.0,339.51
03300517,Märchenland,157,144,85,1,4,9,69,0,41,0,649.6521739130435,626.0,192.06,,,,749.3333333333334,785.0,445.57,,,,,,,914.8571428571429,821.0,262.17
03400618,Rosenthal,316,295,168,4,12,9,146,2,64,1,695.2123287671233,675.0,172.72,460.3333333333333,492.0,109.01,611.5,579.5,79.8,,,,849.9465,849.9465,142.32,1016.5,905.0,221.88
03400619,Wilhelmsruh,976,923,492,15,28,25,416,8,231,6,637.1129807692307,604.0,185.7,500.2,505.0,110.61,601.9444444444445,558.0,157.98,780.5555555555555,776.0,137.58,821.67975,798.005,106.98,907.8181818181819,832.5,351.36
03400620,Schönholz,447,415,240,7,15,15,206,1,131,0,652.8932038834952,604.0,218.94,579.2857142857143,467.0,220.81,678.2307692307693,666.0,232.82,938.0,938.0,,937.73,937.73,,758.6666666666666,772.0,253.47
03400721,Florakiez,715,662,358,6,23,29,323,8,197,7,623.6160990712075,597.0,190.98,534.6,537.0,68.84,590.0,597.0,82.13,711.375,743.0,102.62,728.66125,786.3215,134.55,962.6818181818181,768.5,461.1
03400722,Parkstraße,490,458,253,0,14,18,230,2,154,1,586.4,560.0,195.76,,,,477.45454545454544,543.0,175.18,789.0,787.0,175.01,837.17,837.17,181.39,944.1333333333333,739.0,385.75
03400723,Garbátyplatz,932,631,318,3,26,44,275,3,194,3,574.8363636363637,535.0,213.93,354.0,354.0,4.24,507.1666666666667,497.5,196.1,786.0,719.5,207.75,772.1113333333333,790.6,45.87,839.0,706.0,421.79
03400724,Wolfshagener Straße,692,644,347,8,15,31,308,1,223,0,576.211038961039,527.5,206.32,428.0,422.0,102.4,631.0,590.5,208.52,1018.5,1018.5,146.37,1008.717,1008.717,,898.4117647058823,723.0,491.78
03400725,Schlosspark,847,808,456,9,20,18,398,1,263,1,611.6507537688442,564.0,188.04,455.1666666666667,479.0,103.02,522.1111111111111,546.0,89.93,953.0,953.0,86.27,769.416,769.416,,825.9333333333333,680.0,406.07
03400826,Tiroler Viertel,877,830,419,9,24,23,363,6,215,6,651.2617079889807,625.0,215.01,593.4285714285714,584.0,114.32,617.6315789473684,589.0,114.44,765.0,726.0,150.02,744.205,761.81,49.85,918.5263157894736,749.0,396.71
03400827,Trelleborger Viertel,697,633,346,4,47,17,306,35,227,32,591.5163398692811,573.0,185.65,497.0,512.0,28.62,608.829268292683,604.0,102.77,708.8055555555555,687.5,116.96,735.2304857142857,713.6,100.83,1006.5555555555555,908.0,401.71
03400828,Spiekermann Straße,331,308,173,6,14,8,148,2,84,2,637.8716216216217,626.0,186.72,379.0,379.0,48.08,755.0,752.0,75.68,562.0,562.0,296.98,761.81,761.81,14.67,888.1428571428571,905.0,266.1
03400829,Arnold-Zweig-Straße,633,598,338,6,19,15,303,2,183,2,625.6633663366337,604.0,177.86,529.5,561.5,115.59,619.1333333333333,589.0,150.34,917.25,924.0,293.29,631.3915,631.3915,42.82,965.8461538461538,866.0,370.19
03400830,Kissingenviertel,645,607,310,5,13,25,263,2,188,1,584.0114068441064,553.0,198.15,463.75,445.0,107.58,519.8888888888889,510.0,112.01,798.0,798.0,1.41,707.5215000000001,707.5215000000001,328.69,795.9090909090909,693.5,332.93
03400831,Pankower Tor,82,61,37,0,9,11,30,2,26,1,507.0,493.0,164.56,,,,508.3333333333333,488.0,73.64,769.0,769.0,103.24,948.425,948.425,150.17,1022.625,1028.0,367.08
03500932,Bühringstraße,593,552,313,6,22,18,287,9,211,8,586.4146341463414,563.0,171.35,505.25,470.0,136.92,539.75,534.5,85.96,626.7272727272727,550.0,201.71,752.8777777777777,734.22,128.52,716.8571428571429,625.5,221.38
03500933,Weißer See,951,750,405,8,38,19,363,7,296,6,511.9449035812672,471.0,187.49,411.2,393.0,68.94,518.7391304347826,465.0,142.32,549.25,545.5,77.83,802.7452857142856,795.72,65.18,614.9285714285714,572.0,161.15
03500934,Weißenseer Spitze,608,553,301,2,23,30,268,5,199,5,579.5597014925373,558.0,161.47,356.0,356.0,,629.4666666666667,600.0,148.72,668.75,600.5,165.34,695.1504,661.33,100.64,709.85,619.0,192.86
03500935,Behaimstraße,493,452,216,2,21,20,199,7,165,7,534.2914572864322,516.0,140.42,438.5,438.5,85.56,567.2,560.0,112.02,670.75,585.5,209.78,705.9632857142857,728.16,112.12,658.8125,641.0,160.06
03500936,Komponistenviertel Weißensee,657,606,311,1,25,26,278,2,215,1,568.4640287769785,546.5,159.71,,,,560.1666666666666,530.5,144.48,602.6666666666666,608.0,118.09,829.3135,829.3135,152.7,756.0,706.5,269.84
03501037,Rathaus Weißensee,1041,969,503,8,39,33,463,14,336,11,573.5982721382289,536.0,181.67,408.7142857142857,414.0,93.13,588.6153846153846,564.0,108.0,629.1578947368421,620.0,132.45,790.5252142857142,751.6700000000001,129.65,729.5909090909091,648.0,340.72
03501038,Hansastraße,1036,932,491,10,32,25,444,8,305,8,613.1351351351351,583.0,185.44,449.625,461.0,52.58,597.3157894736842,570.0,106.72,679.0833333333334,583.0,289.32,753.0395000000001,748.1814999999999,87.67,841.3529411764706,756.0,323.44
03601139,Norweger Viertel,296,264,162,2,14,18,138,2,95,2,607.4927536231884,592.5,171.83,462.5,462.5,50.2,646.2,649.5,85.59,635.0,691.0,117.48,759.2785,759.2785,64.25,973.3333333333334,995.0,426.91
03601140,Malmöer Straße,438,391,208,3,19,28,181,4,111,4,607.0773480662983,589.0,182.19,373.0,373.0,,569.25,582.5,92.96,716.3333333333334,679.0,74.39,665.46475,646.8330000000001,44.63,955.0384615384615,754.5,438.81
03601141,Arnimplatz,501,462,229,7,18,21,193,2,142,1,582.5958549222798,577.0,132.81,433.1666666666667,459.5,100.45,586.5,573.5,66.76,1210.3333333333333,1118.0,563.21,924.373,924.373,318.25,974.0666666666667,961.0,467.13
03601142,Falkplatz,1051,972,422,2,44,35,362,8,268,7,577.1077348066299,560.0,172.78,,,,544.4285714285714,532.5,120.77,652.3333333333334,580.0,175.0,774.7043750000001,743.0035,107.45,921.2592592592592,697.0,459.0
03601243,Rodenbergstraße,603,545,266,3,31,26,239,1,167,1,589.4016736401674,570.0,184.33,531.0,523.0,63.38,558.5833333333334,555.0,80.82,518.0,518.0,,631.307,631.307,,1003.9375,1015.0,471.7
03601244,Humannplatz,464,425,211,4,18,21,189,3,139,3,585.4074074074074,587.0,135.18,509.5,509.5,19.09,566.8181818181819,552.0,97.52,638.0,606.0,106.25,732.73,688.663,77.47,1003.9375,927.5,404.74
03601245,Ostseestraße,1105,1011,532,12,37,57,486,11,389,11,553.9423868312757,544.0,147.36,422.0,500.0,124.25,571.48,579.0,84.89,660.75,650.5,95.65,724.3402727272728,692.884,81.19,767.7333333333333,699.0,337.99
03601346,Gethsemanekirche,346,313,161,1,13,20,148,3,103,2,583.331081081081,558.5,171.18,420.0,420.0,,534.1111111111111,488.0,113.07,557.5,535.0,127.53,859.486,798.024,126.36,743.6875,559.0,491.2
03601347,Helmholtzplatz,572,507,264,3,38,27,224,7,164,6,578.8794642857143,559.5,160.59,471.0,471.0,,552.4347826086956,504.0,142.11,559.9090909090909,564.0,82.76,759.2772857142857,716.38,266.17,893.5238095238095,835.0,320.39
03601348,Senefelderstraße,368,330,147,4,22,16,124,3,86,3,608.3064516129032,586.0,200.73,619.0,619.0,,550.0,558.0,114.67,567.3333333333334,570.0,23.12,656.3486666666666,630.346,54.64,754.9285714285714,675.5,275.66
03601449,Michelangelostraße,1266,1189,631,9,40,36,562,13,396,12,596.7544483985765,572.0,181.0,435.14285714285717,430.0,153.29,639.3478260869565,615.0,103.47,665.8571428571429,627.0,96.67,683.0602307692308,658.537,97.55,935.6666666666666,925.0,339.45
03601450,Volkspark Prenzlauer Berg,1018,952,468,7,39,25,433,18,301,16,599.1016166281755,593.0,172.61,417.0,392.0,109.98,643.4230769230769,632.0,120.95,698.578947368421,670.0,162.29,746.8511111111113,720.3305,116.03,982.0,976.0,444.63
03601451,Anton-Saefkow-Park,473,423,213,2,24,25,188,3,136,3,580.5265957446809,563.0,175.54,432.5,432.5,94.05,592.7857142857143,585.0,66.01,847.4,688.0,442.32,693.4879999999999,626.957,157.53,831.6818181818181,778.5,282.07
03601452,Velodrom,552,502,266,1,20,29,239,6,189,6,564.4937238493724,562.0,167.38,365.0,365.0,,677.1,647.5,236.44,697.625,694.5,115.74,694.0148333333333,707.2864999999999,70.23,946.7,919.5,293.87
03601453,Alter Schlachthof,325,287,131,1,28,9,120,9,88,7,575.4166666666666,552.5,161.58,462.0,462.0,,661.9444444444445,659.0,156.45,646.5,648.0,80.25,1080.092888888889,703.67,1115.4,1158.142857142857,1180.0,493.39
03701554,Teutoburger Platz,806,732,372,6,27,46,324,5,246,4,554.1234567901234,537.0,176.51,404.25,418.0,74.99,497.3809523809524,483.0,109.08,521.3,492.0,184.09,701.592,653.753,113.62,846.1176470588235,600.5,458.48
03701555,Sredzkistraße,734,686,377,3,21,26,318,4,235,4,570.3490566037735,549.0,168.53,447.0,447.0,,443.27272727272725,429.0,64.65,566.5,512.0,187.34,635.5145,648.3655000000001,133.53,817.4285714285714,741.0,374.85
03701556,Kollwitzplatz,580,522,241,2,40,18,213,19,164,18,563.1830985915493,547.0,160.88,556.5,556.5,198.7,526.6774193548387,522.0,116.99,599.6190476190476,597.0,97.68,653.069947368421,634.09,128.19,946.4666666666667,1011.0,379.63
03701657,Thälmannpark,410,370,193,3,15,25,176,5,126,5,610.8920454545455,574.5,183.81,427.0,427.0,,593.5714285714286,547.0,138.66,621.5,647.5,64.57,676.5618,665.353,60.26,784.25,780.0,251.0
03701658,Christburger Straße,374,325,161,0,27,22,144,7,99,7,601.4930555555555,581.5,186.8,,,,622.3157894736842,558.0,197.89,606.4285714285714,598.0,55.36,624.8124285714285,619.713,40.39,725.4736842105264,608.0,273.98
03701659,Immanuelkirchstraße,490,442,218,5,21,27,191,8,136,6,585.1256544502618,561.0,198.17,391.4,329.0,102.2,533.9444444444445,544.5,74.42,694.7142857142857,696.0,206.76,698.3583749999999,640.701,147.38,919.7142857142857,879.0,441.6
03701660,Bötzowstraße,714,654,334,3,29,31,300,9,228,8,585.6466666666666,557.0,196.69,516.0,516.0,114.55,573.4444444444445,578.5,93.26,670.2222222222222,653.0,122.61,763.4425555555556,693.02,216.82,782.6538461538462,702.5,323.75
04100101,Jungfernheide/Plötzensee,1742,1593,880,16,69,73,752,17,431,16,630.7859042553191,617.0,184.6,514.8461538461538,507.0,156.04,629.6486486486486,586.0,218.98,788.8333333333334,741.5,249.89,743.0710588235295,728.68,104.57,737.1052631578947,702.0,271.29
04100102,Paul-Hertz-Siedlung,871,808,443,14,30,32,387,5,232,5,630.8863049095607,605.0,187.01,468.6363636363636,476.0,157.63,614.9166666666666,610.5,154.86,649.0,676.0,159.52,717.2468,712.867,53.27,715.8928571428571,663.5,275.96
04200203,Olympiagelände,461,431,162,3,17,11,134,10,51,7,692.6940298507462,670.0,242.12,495.5,495.5,433.46,691.0,689.0,102.67,733.1111111111111,749.0,159.78,813.6076,789.585,90.15,927.2222222222222,874.0,324.16
04200204,Angerburger Allee,328,313,188,4,7,8,167,2,91,0,668.2934131736527,636.0,192.55,496.5,496.5,62.93,671.8,631.0,111.59,890.0,890.0,77.78,1055.2585,1055.2585,156.61,853.625,781.5,349.73
04200205,Flatowallee,590,487,279,7,14,12,250,11,114,8,693.904,664.0,180.47,529.6666666666666,550.0,47.07,697.2727272727273,709.0,87.82,720.3636363636364,742.0,112.28,865.0257272727272,883.95,106.15,1214.125,1248.5,288.09
04200206,Kranzallee,290,269,145,2,5,16,123,1,70,0,652.7723577235772,635.0,149.41,595.0,595.0,83.44,,,,943.0,943.0,,1075.854,1075.854,,926.5,777.5,516.17
04200207,Eichkamp,394,346,173,2,19,28,148,1,54,0,753.2702702702703,708.5,221.21,576.0,576.0,56.57,585.6,657.0,257.39,765.5,765.5,12.02,1063.673,1063.673,,1149.0,1122.0,409.26
04200308,Branitzer Platz,1122,753,428,9,32,32,370,10,229,9,620.9945945945946,589.5,208.78,455.1111111111111,424.0,112.15,724.8333333333334,712.0,150.88,786.75,787.0,100.29,764.2502,768.4105,94.41,802.3478260869565,776.0,247.24
04200309,Neu Westend,539,505,264,3,15,18,227,2,122,1,667.1674008810572,633.0,195.69,481.5,481.5,214.25,665.5,635.5,110.44,755.5,755.5,272.24,756.4365,756.4365,270.84,825.8666666666667,913.0,258.51
04200310,Fürstenplatz,912,851,461,7,18,43,399,4,255,4,624.1203007518797,589.0,199.57,456.2,431.0,112.44,635.125,621.0,137.26,787.4,738.0,164.24,794.1072499999999,806.0995,87.01,993.6896551724138,891.0,376.99
04200311,Königin-Elisabeth-Straße,1284,1121,600,5,90,71,512,50,359,43,572.90234375,538.0,205.51,533.6666666666666,541.0,33.61,592.6333333333333,544.5,147.58,706.0,688.0,179.23,770.79658,791.4085,154.63,779.1960784313726,721.0,303.26
04300412,Schlossgarten,747,682,369,3,27,24,328,7,215,7,612.8932926829268,572.5,202.04,,,,577.4285714285714,557.5,82.09,629.8888888888889,553.0,160.55,633.4044285714284,628.844,89.25,886.7777777777778,804.0,378.24
04300413,Klausenerplatz,885,813,468,8,21,50,416,6,320,6,553.46875,520.0,185.64,357.8,353.0,60.83,608.5,584.0,219.77,855.5555555555555,739.0,358.83,702.9784999999998,768.6890000000001,145.8,875.4,719.0,387.89
04300414,Schloßstraße,939,867,487,4,34,38,426,7,309,7,547.3286384976526,496.5,207.11,354.3333333333333,390.0,72.42,539.1176470588235,531.0,140.41,590.5714285714286,614.0,159.35,668.7705714285715,676.984,138.88,893.9666666666667,825.0,355.02
04300415,Lietzensee,817,765,434,6,22,30,370,4,269,3,560.0594594594595,524.0,185.64,364.75,365.5,41.09,655.4,590.0,259.17,816.8,851.0,123.76,802.3207500000001,756.4915000000001,206.47,773.0909090909091,642.5,437.36
04300416,Amtsgerichtsplatz,1268,1166,611,9,43,57,521,10,417,10,515.6909788867563,479.0,183.6,281.0,281.0,22.63,501.2,462.5,147.68,774.0,668.0,442.9,609.1725000000001,614.453,127.43,818.5227272727273,687.0,412.19
04300517,Tegeler Weg,1092,1021,493,6,38,33,432,6,342,6,574.7314814814815,557.0,164.56,553.5,525.0,94.05,570.8823529411765,556.0,98.72,648.6666666666666,592.5,142.65,626.6094999999999,607.0985,69.53,952.1428571428571,869.0,406.31
04300518,Kaiserin-Augusta-Allee,1062,973,445,4,53,35,405,16,298,14,578.716049382716,551.0,158.08,413.25,437.0,57.79,576.925925925926,549.0,193.06,654.2777777777778,626.0,116.06,665.7681249999999,621.6885,117.66,851.9642857142857,746.0,343.73
04300619,Alt-Lietzow,821,755,390,4,31,35,349,5,241,5,597.3266475644699,572.0,193.1,500.0,494.0,82.16,559.125,543.0,129.16,643.8333333333334,620.0,82.38,651.7686,628.6800000000001,41.67,845.4074074074074,819.0,333.06
04300620,Spreestadt,537,446,209,1,55,36,185,30,132,28,572.4270270270271,554.0,158.98,339.0,339.0,,536.0731707317074,514.0,90.96,647.2068965517242,661.0,84.51,710.0288999999998,683.0735,134.35,868.09375,964.0,361.94
04300621,Richard-Wagner-Straße,1254,1153,656,18,46,54,572,22,453,21,541.5611888111888,509.0,175.66,374.25,373.5,61.92,530.68,473.0,183.69,694.5217391304348,649.0,172.98,699.0815454545453,680.4300000000001,140.27,811.7,711.5,371.6
04300622,Ernst-Reuter-Platz,1080,932,447,7,89,59,376,43,293,39,553.8829787234042,519.5,182.06,442.3333333333333,440.0,26.91,575.2641509433962,522.0,190.48,625.92,592.5,142.94,703.5469534883721,686.486,171.78,725.7659574468086,627.0,347.74
04300623,Karl-August-Platz,1513,1400,737,14,64,49,631,13,492,12,555.7004754358162,513.0,199.73,390.6666666666667,374.0,54.89,525.0277777777778,484.0,166.44,606.625,631.5,138.06,663.2603076923076,622.73,131.38,809.4651162790698,783.0,332.14
04300624,Savignyplatz,1030,947,547,5,38,45,476,10,381,9,557.2310924369748,543.0,150.13,424.5,424.5,51.62,522.8947368421053,534.0,74.72,675.5,626.5,205.15,710.0840000000002,637.588,199.83,745.3548387096774,749.0,216.26
04400725,Güterbahnhof Grunewald,31,25,10,0,0,6,4,0,1,0,631.75,701.0,203.81,,,,,,,,,,,,,815.3333333333334,733.0,154.0
04400726,Bismarckallee,589,548,311,3,14,27,263,6,150,4,661.6121673003802,636.0,188.73,521.0,538.0,38.43,623.5714285714286,644.0,83.99,828.2,775.0,158.29,832.0706666666666,838.2115,83.86,1140.6363636363637,1142.0,361.05
04400727,Flinsberger Platz,994,711,368,6,22,36,315,1,185,1,648.9555555555555,601.0,206.23,471.3333333333333,513.0,94.65,618.2666666666667,616.0,115.57,731.0,731.0,,731.297,731.297,,797.7307692307693,673.0,358.87
04400728,Hagenplatz,246,227,125,2,6,13,105,3,40,1,708.1142857142858,677.0,211.25,550.0,550.0,,675.0,675.0,80.61,891.0,891.0,,916.5776666666667,922.113,23.14,1026.6666666666667,1132.0,414.75
04400729,Hundekehle,294,260,147,1,14,20,121,4,46,4,704.00826446281,669.0,191.75,,,,829.4,806.0,96.01,837.6666666666666,888.0,87.18,833.20675,850.1465000000001,72.47,1090.0,1045.0,360.79
04400830,Forckenbeckstraße,870,822,400,9,29,19,355,11,191,10,664.1577464788733,633.0,196.83,463.4,514.0,131.74,561.1666666666666,546.0,110.23,712.5454545454545,682.0,83.69,776.9333636363637,762.387,119.92,956.5384615384615,1028.0,357.37
04400831,Messelpark,166,158,73,0,1,7,60,0,23,0,699.1833333333333,694.0,183.43,,,,,,,,,,,,,1261.6,1259.0,183.72
04400832,Breite Straße,640,609,314,1,12,19,278,3,152,2,666.1978417266187,630.5,188.08,504.0,504.0,,690.5,639.5,154.64,1013.6666666666666,729.0,505.23,825.7023333333333,804.473,113.72,866.9333333333333,907.0,256.31
04400833,Schlangenbader Straße,451,427,231,6,15,9,200,10,128,9,607.46,595.0,143.64,469.2,478.0,108.64,629.5384615384615,640.0,63.21,746.6363636363636,737.0,85.67,780.417,765.3035,81.02,988.0,1014.0,446.84
04400834,Binger Straße,379,358,191,2,6,15,165,1,117,1,595.8969696969697,578.0,161.14,446.0,446.0,2.83,688.0,524.0,413.0,623.0,623.0,,623.4169999999999,623.4169999999999,,860.0,933.0,323.67
04400835,Rüdesheimer Platz,829,784,422,10,18,27,365,2,262,2,589.3397260273972,563.0,156.19,471.8,464.0,52.56,562.4545454545455,580.0,102.04,836.5,617.5,498.39,803.23,803.23,62.54,1017.3181818181819,1028.5,359.17
04500936,Droysenstraße,602,549,306,3,22,31,273,3,224,3,541.6923076923077,519.0,167.11,353.6666666666667,388.0,77.44,506.0,485.0,72.34,542.5,542.5,70.0,598.6053333333333,627.75,82.0,815.3103448275862,763.0,316.38
04500937,Halensee,890,839,460,7,13,37,411,6,300,5,581.2627737226277,545.0,192.64,442.3333333333333,433.0,37.35,676.6666666666666,638.0,220.27,720.6,629.0,192.47,755.5633333333332,732.5355,155.11,829.8148148148148,830.0,216.34
04500938,Hochmeisterplatz,843,773,403,10,32,37,350,12,266,9,562.5114285714286,530.0,178.06,420.8333333333333,427.5,59.88,597.3684210526316,590.0,130.7,708.1818181818181,633.0,246.56,789.4351666666666,813.8495,146.53,726.1034482758621,654.0,283.65
04500939,Eisenzahnstraße,773,709,360,2,23,41,312,4,250,4,557.8461538461538,523.5,163.7,493.0,493.0,,530.4285714285714,516.5,107.97,731.0,717.0,135.49,740.2887499999999,723.642,116.8,767.5806451612904,776.0,269.84
04501040,Hindemithplatz,510,459,259,4,23,28,220,7,169,7,556.0136363636364,522.0,177.26,421.0,414.0,82.72,541.4166666666666,500.0,101.88,504.42857142857144,485.0,83.48,652.8195714285714,675.06,88.71,828.2916666666666,811.0,270.43
04501041,George-Grosz-Platz,713,609,333,5,51,53,281,16,221,14,579.8042704626334,545.0,209.3,510.0,516.0,62.89,515.7878787878788,509.0,167.9,654.6111111111111,560.5,207.72,743.3994375,673.8415,190.03,836.5263157894736,722.0,392.98
04501042,Breitscheidplatz,2856,2565,1215,11,208,80,1028,103,813,95,553.6147859922179,531.0,177.63,392.6,346.0,131.11,501.5076923076923,464.0,121.88,655.6960784313726,655.0,164.79,714.7998155339808,679.35,126.61,630.45,549.0,329.79
04501043,Preußenpark,966,892,495,9,35,39,431,17,343,14,553.877030162413,532.0,160.77,393.85714285714283,427.0,74.45,566.1304347826087,532.0,114.13,684.0666666666667,621.0,151.34,751.3224705882353,738.403,127.49,886.7741935483871,791.0,389.98
04501044,Ludwigkirchplatz,588,512,288,7,55,21,261,38,221,36,523.5325670498084,504.0,144.52,486.85714285714283,446.0,79.42,485.3695652173913,452.0,117.22,624.8536585365854,617.0,138.14,696.3185263157897,678.27,107.66,642.7058823529412,611.0,140.41
04501045,Schaperstraße,1113,996,533,8,53,63,459,27,381,25,519.2875816993464,491.0,162.47,438.42857142857144,455.0,134.61,475.65714285714284,436.0,130.07,729.1290322580645,697.0,282.63,738.471,706.884,126.68,766.5106382978723,613.0,378.92
04501146,Barstraße,483,447,247,4,14,21,215,5,163,5,555.3674418604651,536.0,171.85,400.3333333333333,370.0,68.72,523.0,520.0,32.5,722.2,662.0,101.12,707.5886,679.537,77.93,717.0,611.0,309.92
04501147,Leon-Jessel-Platz,508,448,251,7,26,28,220,2,180,2,511.50454545454545,475.0,183.9,376.4,383.0,49.25,466.8333333333333,460.0,141.98,634.6666666666666,689.0,124.72,679.162,679.162,99.9,713.2727272727273,572.5,384.82
04501148,Brabanter Platz,684,409,212,3,19,28,177,2,142,2,547.9943502824859,520.0,160.34,435.3333333333333,452.0,52.04,468.75,453.0,74.8,570.0,570.0,,602.733,602.733,14.19,817.6153846153846,854.0,314.42
04501149,Nikolsburger Platz,1092,1002,548,15,38,44,488,21,409,20,523.858606557377,496.0,162.88,415.27272727272725,423.0,109.16,449.84,438.0,83.28,574.4545454545455,532.0,148.34,667.212238095238,648.243,118.15,638.1142857142858,616.0,201.63
04501150,Wilhelmsaue,563,534,284,8,15,14,259,4,226,4,505.3281853281853,487.0,146.91,401.0,390.0,92.49,437.5,421.0,48.84,546.75,533.5,75.53,629.46,632.155,111.94,786.2,673.0,393.81
04501151,Hildegardstraße,446,412,248,5,12,22,209,1,170,1,533.7799043062201,502.0,162.71,464.0,464.0,62.23,556.2,550.0,84.09,605.0,605.0,,574.837,574.837,,755.8421052631579,675.0,303.5
04501152,Prager Platz,620,572,294,2,28,18,268,10,220,10,535.8880597014926,517.5,151.75,356.5,356.5,111.02,487.1363636363636,451.0,170.24,649.9,677.5,127.1,680.624,681.902,56.39,714.0,642.0,287.5
04501153,Babelsberger Straße,806,735,382,6,35,35,330,11,264,11,542.1939393939394,515.0,166.69,402.6666666666667,404.5,43.68,565.7391304347826,510.0,156.03,617.5,592.5,129.61,623.7899090909091,609.344,83.55,833.4333333333333,786.5,284.32
05100101,Hakenfelde Nord,948,896,475,7,32,19,401,8,137,7,745.2269326683291,707.0,212.17,510.0,513.0,93.54,697.7647058823529,643.0,191.8,691.0,682.0,98.48,796.6975,780.2885,90.18,1084.090909090909,816.0,436.14
05100102,Am Forstacker,468,437,250,7,20,11,219,6,127,5,644.8447488584475,601.0,163.09,533.5,521.5,143.79,629.125,632.5,62.51,813.8333333333334,831.0,96.32,801.5368333333332,799.0550000000001,65.26,1010.5,879.5,385.14
05100103,Mertensstraße,621,582,301,5,23,16,264,8,168,7,632.7424242424242,609.0,164.87,493.75,490.0,52.03,635.6666666666666,605.5,161.97,693.3333333333334,611.0,155.7,749.6216250000001,763.4100000000001,132.58,1193.076923076923,1282.0,437.9
05100104,Maselake,923,872,499,7,25,26,439,9,324,6,595.6674259681093,570.0,160.86,479.8333333333333,449.5,137.31,579.8888888888889,570.5,78.38,731.2,675.0,225.56,805.3806666666666,811.097,94.66,948.0,888.5,351.79
05100105,Amorbacher Weg,664,631,347,5,19,14,302,1,212,1,591.794701986755,572.5,172.87,560.0,441.0,244.72,637.9285714285714,585.0,169.6,796.3333333333334,676.0,267.62,788.74,788.74,,1245.3,1350.0,375.26
05100206,Griesingerstraße,796,459,232,3,34,14,191,17,118,10,632.0314136125654,601.0,199.09,401.6666666666667,412.0,118.84,711.92,698.0,126.83,823.2777777777778,810.5,107.41,906.8728823529411,884.974,107.69,1054.25,1042.5,236.64
05100207,An der Tränke,205,200,114,3,0,5,97,0,42,0,653.9175257731958,672.0,183.55,612.0,612.0,89.1,,,,,,,,,,924.25,947.5,101.76
05100208,Im Spektefeld,1113,1046,582,10,29,38,487,8,332,6,616.7556468172485,585.0,179.9,523.7777777777778,538.0,112.85,699.4,672.5,125.49,898.0,847.0,200.55,840.4582500000001,861.8565000000001,88.55,993.0454545454545,960.5,274.38
05100209,Westerwaldstraße,1123,1051,569,8,24,48,502,8,318,6,621.792828685259,607.0,169.66,506.7142857142857,495.0,104.59,649.0666666666667,629.0,106.06,833.1111111111111,652.0,437.04,785.3489999999998,725.2370000000001,177.31,920.34375,816.0,340.84
05100210,Germersheimer Platz,700,639,353,8,25,36,302,6,226,6,583.2549668874173,561.5,186.99,499.6666666666667,504.0,17.9,644.0,599.0,164.52,639.2857142857143,609.0,60.78,689.584,673.662,90.96,908.0645161290323,767.0,344.17
05100211,An der Kappe,667,625,335,2,19,22,287,4,203,3,588.4111498257839,572.0,172.57,495.5,495.5,119.5,646.6666666666666,626.0,169.71,714.0,697.5,131.33,847.172,840.152,139.08,971.9411764705883,905.0,487.2
05100312,Eckschanze,327,310,173,6,8,9,146,3,115,3,568.9794520547945,542.0,187.04,451.75,452.0,43.81,540.625,527.0,66.01,526.3333333333334,537.0,41.05,582.9213333333333,535.1669999999999,116.58,917.7142857142857,794.0,466.64
05100313,Eiswerder,1223,1136,623,20,40,45,554,16,453,15,527.7924187725632,475.5,194.87,416.7647058823529,414.0,79.91,555.5555555555555,525.0,105.32,575.5555555555555,531.5,116.6,738.8744375000001,680.7735,214.29,891.59375,742.5,416.77
05100314,Kurstraße,899,627,320,4,48,32,270,26,220,24,512.3925925925926,477.0,196.06,447.25,413.0,130.44,493.2307692307692,472.0,73.6,585.0333333333333,545.5,163.13,692.2791923076921,650.9235,138.61,879.5,696.5,439.57
05100315,Ackerstraße,648,588,295,4,25,35,252,7,209,5,533.5119047619048,505.5,170.38,,,,603.7857142857143,557.0,143.04,777.6,744.0,158.65,820.0195714285713,853.827,158.23,988.3333333333334,866.0,474.48
05100316,Carl-Schurz-Straße,1944,1842,909,14,42,59,775,4,649,4,546.2735483870968,532.0,153.49,434.1818181818182,424.0,126.06,624.2068965517242,590.0,146.67,622.0,601.0,100.51,668.197,656.0695000000001,66.15,1006.9583333333334,836.5,451.16
05100317,Freiheit,814,697,318,4,90,27,294,59,234,53,561.5952380952381,530.0,163.68,429.3333333333333,445.0,85.58,560.5333333333333,519.0,160.94,598.5079365079365,578.0,141.56,747.3875762711864,727.276,121.8,1013.9473684210526,946.0,450.33
05200418,Isenburger Weg,181,175,103,0,3,3,85,0,33,0,700.7882352941176,700.0,202.28,,,,668.3333333333334,692.0,53.58,,,,,,,960.3333333333334,973.0,187.32
05200419,Am Heideberg,146,138,64,2,2,6,50,0,30,0,610.26,635.0,218.62,392.5,392.5,3.54,772.0,772.0,,,,,,,,502.0,502.0,145.66
05200420,Staakener Straße,608,544,304,7,27,37,245,16,160,11,610.3551020408163,580.0,192.62,496.75,528.5,131.36,636.8421052631579,620.0,57.94,781.0555555555555,740.0,164.74,857.5833124999999,807.482,186.74,926.7391304347826,832.0,411.07
05200421,Spandauer Straße,419,376,185,0,33,10,150,15,74,10,670.7333333333333,656.0,166.42,,,,748.6521739130435,750.0,102.89,804.9473684210526,801.0,128.64,894.4421333333336,823.594,166.11,1288.2857142857142,1292.0,317.18
05200422,Werkstraße,158,141,72,2,9,8,61,1,22,1,730.5901639344262,704.0,220.76,626.0,626.0,,714.0,724.0,44.01,1052.0,925.0,288.3,862.15,862.15,,838.0,922.0,232.66
05200423,Magistratsweg,735,681,378,3,29,23,303,5,169,4,657.4059405940594,638.0,170.57,557.0,557.0,,713.0,732.0,100.58,778.8333333333334,782.0,90.93,851.5186,841.62,38.29,871.1428571428571,934.5,345.62
05200524,Döberitzer Weg,236,217,123,1,6,13,100,3,40,1,690.2,676.5,175.47,,,,723.0,701.0,77.12,738.75,708.0,89.83,915.8156666666667,947.24,86.74,967.6363636363636,1062.0,384.89
05200525,Pillnitzer Weg,295,276,161,5,9,10,128,0,47,0,728.5703125,685.0,175.93,713.3333333333334,721.0,205.61,693.4,674.0,88.79,866.0,866.0,35.36,,,,1164.5,1166.5,281.24
05200526,Rudolf-Wissell-Großsiedlung,569,523,302,7,16,29,248,4,125,4,681.7620967741935,640.0,169.41,584.0,601.5,117.93,679.2222222222222,645.0,127.08,656.0,662.5,37.18,773.104,787.418,71.79,942.7222222222222,806.5,372.52
05200527,Maulbeerallee,1456,1328,722,9,62,65,628,20,383,14,650.5636942675159,619.5,188.59,552.8571428571429,547.0,100.74,651.3953488372093,580.0,258.1,760.8571428571429,675.0,291.38,849.6511499999999,807.913,244.09,978.1363636363636,800.5,475.47
05200528,Weinmeisterhornweg,771,723,427,7,18,30,372,3,225,1,646.263440860215,612.0,184.99,532.3333333333334,531.5,55.96,679.1,672.5,199.13,693.0,642.0,204.33,917.4766666666666,918.28,188.6,978.2941176470588,884.0,417.1
05200629,Borkumer Straße,1703,1592,806,10,58,53,699,16,602,14,533.4105865522174,513.0,174.57,446.7142857142857,423.0,77.96,517.6086956521739,525.5,113.75,635.1666666666666,577.5,172.98,733.6398125000001,701.281,181.1,1010.6756756756756,920.0,455.21
05200630,Wilhelmstadt West,1035,958,512,10,34,42,439,5,365,4,523.6560364464692,478.0,179.15,402.8,452.0,93.19,491.037037037037,465.0,163.57,665.5,515.0,337.19,691.9668,606.45,175.16,980.0322580645161,682.0,529.06
05200631,Wilhelmstadt Ost,831,757,392,5,29,41,328,1,293,1,466.8048780487805,427.0,170.69,355.4,352.0,52.98,417.1764705882353,380.0,166.31,818.0,818.0,309.71,579.77,579.77,,939.9117647058823,841.5,524.25
05200632,Tiefwerder,392,351,192,8,14,25,167,1,143,1,544.5269461077844,515.0,145.23,467.5,516.0,106.85,524.5555555555555,483.0,81.13,593.0,593.0,149.91,644.283,644.283,,943.2666666666667,821.0,523.24
05200633,Graetschelsteig,354,323,177,5,12,16,154,2,135,2,518.025974025974,499.0,147.67,509.6,492.0,134.15,499.3,479.0,71.53,590.5,590.5,54.45,807.2265,807.2265,53.09,907.0,690.0,516.59
05200634,Börnicker Straße,556,490,275,11,23,42,235,6,172,3,583.9489361702127,551.0,165.12,509.44444444444446,502.0,124.79,511.875,488.5,103.27,608.0,565.0,182.38,897.5625000000001,907.0565,127.55,1084.4761904761904,1198.0,563.67
05300735,Haveleck,294,254,123,1,14,26,101,6,72,5,625.7425742574258,586.0,169.1,,,,658.1,642.0,68.71,769.0,765.0,70.0,838.0221666666666,842.205,75.49,995.0,880.0,335.35
05300736,Zitadellenweg,667,592,303,4,36,39,270,17,185,15,604.9185185185186,582.0,173.11,531.0,553.0,75.45,663.75,612.0,196.28,667.7058823529412,662.0,81.93,768.4883529411765,748.603,129.85,898.3225806451613,842.0,320.56
05300737,Gartenfelder Straße,1210,1125,630,14,29,54,557,1,299,1,645.7253141831238,627.0,215.68,491.22222222222223,506.0,127.56,737.1666666666666,701.5,217.96,527.0,527.0,384.67,797.847,797.847,,1039.658536585366,1026.0,371.62
05300838,Gartenfeld,77,58,27,1,12,7,25,4,13,2,677.28,650.0,276.8,425.0,425.0,,872.7142857142857,947.0,146.05,841.5,806.5,82.16,894.125,901.2165,88.3,1252.0,1144.0,373.3
05300839,Rohrdamm,725,662,344,6,27,36,297,3,176,2,637.010101010101,613.0,186.01,441.75,431.0,71.19,736.9411764705883,686.0,233.34,806.0,831.5,129.19,789.2466666666666,748.644,107.58,925.0370370370371,842.0,321.32
05300840,Nonnendammallee,278,227,115,1,21,30,88,15,60,13,580.0909090909091,559.5,221.24,612.0,612.0,,671.5263157894736,726.0,133.79,737.4666666666667,749.0,152.85,800.8289333333335,817.687,122.42,917.9583333333334,822.0,348.1
05300841,Siemensdamm,534,478,240,3,34,22,219,12,152,11,587.2100456621005,543.0,180.63,358.3333333333333,328.0,84.68,607.8181818181819,686.0,228.5,740.0769230769231,720.0,139.95,769.0074166666667,747.69,86.55,801.578947368421,742.0,405.66
05400942,Alt-Gatow,601,410,216,2,12,32,169,6,91,2,683.8224852071006,641.0,228.2,,,,803.5,803.5,95.46,915.4285714285714,908.0,91.74,969.1836666666668,950.083,157.83,844.3125,815.0,415.18
05400943,Jägerallee,596,551,297,6,6,39,226,1,153,0,645.5044247787611,570.0,249.99,490.0,490.0,,590.0,590.0,,,,,1192.16,1192.16,,1036.875,981.0,308.26
05400944,Kladower Damm,282,250,127,4,4,28,90,2,66,1,607.4333333333333,522.0,274.04,452.5,452.5,13.44,520.5,520.5,169.0,898.5,898.5,27.58,867.9735000000001,867.9735000000001,73.21,904.8888888888889,985.0,273.95
05400945,Kafkastraße,245,226,126,4,10,9,89,2,59,0,663.5730337078652,589.0,287.21,699.5,699.5,246.78,863.75,737.0,299.19,891.0,891.0,,1198.1005,1198.1005,65.12,1074.6,956.0,445.88
06100101,Fichtenberg,797,748,407,6,28,21,350,4,230,4,612.9314285714286,591.5,177.69,548.8,524.0,84.05,514.7647058823529,495.0,94.34,690.7142857142857,676.0,201.63,668.58575,701.4465,87.41,1123.625,1147.5,401.35
06100102,Schloßstraße,1144,1022,493,3,73,48,412,3,308,2,578.3543689320388,540.0,185.87,450.5,450.5,142.13,529.3913043478261,515.0,114.91,688.6666666666666,777.0,251.42,1730.2826666666667,884.314,1615.35,766.5,643.5,338.34
06100103,Markelstraße,755,659,311,4,70,26,267,12,200,10,579.7977528089888,543.0,172.99,478.0,573.0,176.81,571.2258064516129,547.0,109.02,832.6153846153846,786.0,245.52,794.7910833333334,799.26,116.11,938.0526315789474,811.0,411.12
06100204,Munsterdamm,570,532,285,5,22,16,248,4,173,4,592.2459677419355,564.5,191.64,442.75,431.0,42.99,686.6153846153846,601.0,308.69,943.1666666666666,810.5,371.13,763.9857499999999,744.1949999999999,70.53,1029.923076923077,1072.0,462.43
06100205,Südende,736,688,376,1,22,26,331,1,231,1,591.6918429003022,574.0,161.24,553.0,553.0,,737.2666666666667,558.0,395.35,829.0,829.0,,718.03,718.03,,839.4117647058823,769.0,382.25
06100206,Stadtpark,782,745,435,10,20,16,381,5,278,5,578.5564304461942,556.0,183.46,379.5,394.5,134.53,601.9285714285714,562.0,152.97,841.8,711.0,332.88,696.7436,652.457,109.16,780.8181818181819,702.0,335.03
06100207,Mittelstraße,635,594,310,7,22,19,265,4,192,2,573.6679245283019,535.0,200.76,462.75,475.5,37.38,561.125,499.5,166.01,674.0,705.0,122.2,866.9475,919.84,148.51,832.5714285714286,756.0,330.21
06100208,Bergstraße,562,519,268,3,22,21,228,5,175,5,549.3947368421053,514.5,204.13,300.0,300.0,38.18,471.3333333333333,413.0,170.33,735.25,757.0,119.6,673.5476000000001,698.164,124.06,724.0,665.0,256.38
06100209,Feuerbachstraße,718,654,361,2,37,26,312,5,229,5,566.400641025641,558.5,157.69,403.5,403.5,219.91,556.4,499.0,182.96,724.0,741.0,124.56,658.6974,620.393,80.54,817.5263157894736,751.0,348.76
06100210,Bismarckstraße,432,417,239,6,12,3,212,5,171,5,563.9952830188679,526.0,182.1,381.4,389.0,75.31,578.9,587.5,90.05,684.6,644.0,84.27,719.488,697.18,104.85,701.6666666666666,683.0,223.59
06200311,Alt-Lankwitz,476,448,252,4,6,22,225,0,131,0,633.0311111111112,611.0,157.06,493.5,526.5,104.6,628.0,628.0,,,,,,,,1097.0,1103.5,545.92
06200312,Komponistenviertel Lankwitz,667,641,335,3,19,7,289,1,206,1,593.2318339100347,567.0,167.06,476.3333333333333,516.0,79.32,584.125,565.5,60.71,742.5,742.5,195.87,880.657,880.657,,1220.5,1158.5,457.93
06200313,Lankwitz Kirche,768,720,400,8,23,24,351,5,243,4,596.6695156695157,578.0,162.36,522.4,557.0,113.87,643.8333333333334,613.5,145.4,720.0,729.0,90.0,828.5146000000001,769.683,139.02,876.0,794.0,309.1
06200314,Kaiser-Wilhelm-Straße,607,576,296,6,19,12,249,4,168,3,593.7269076305221,577.0,170.0,416.6666666666667,428.0,31.56,541.3846153846154,540.0,57.85,1184.3333333333333,1172.0,430.63,752.4480000000001,759.489,151.54,937.625,802.0,444.06
06200315,Gallwitzallee,950,707,401,6,17,26,336,9,216,8,612.5565476190476,600.5,193.18,543.4,580.0,92.95,658.3846153846154,679.0,76.3,807.5555555555555,791.0,77.68,832.3606666666668,790.937,122.77,930.2,800.0,344.44
06200316,Belßstraße,727,685,384,8,26,16,338,8,212,5,621.4497041420118,596.0,179.45,467.6666666666667,497.5,115.09,633.9333333333333,625.0,85.25,759.8571428571429,793.0,66.29,935.7585000000001,800.903,368.38,1110.4166666666667,1006.5,467.83
06200317,Lankwitz Süd,463,431,238,6,11,21,208,5,115,2,653.7355769230769,618.0,221.79,514.2,521.0,86.92,626.3333333333334,605.5,88.22,942.0,780.0,380.07,1057.3126,952.896,296.85,929.5833333333334,730.5,468.53
06200418,Landweg,9,5,3,1,3,1,2,0,0,0,960.0,960.0,398.81,678.0,678.0,,756.0,756.0,,,,,,,,929.0,929.0,
06200419,Thermometersiedlung,447,419,217,6,12,16,188,3,87,1,711.25,660.5,200.82,580.25,558.0,99.87,699.6666666666666,686.0,152.54,868.3333333333334,875.0,20.82,1009.4643333333333,1020.043,158.43,742.4545454545455,628.0,375.91
06200420,Lichterfelde Süd,744,702,362,4,19,22,314,5,148,2,690.9649681528663,656.0,203.69,504.5,479.0,109.79,731.4444444444445,596.0,280.53,721.0,725.0,126.65,914.7018,946.126,175.35,816.2,756.0,282.4
06200421,Königsberger Straße,1118,907,482,13,30,32,407,9,283,6,577.8697788697789,557.0,178.54,454.1666666666667,433.5,108.58,630.35,569.0,169.4,843.5555555555555,801.0,190.72,889.369111111111,832.686,117.38,942.7391304347826,740.0,496.45
06200422,Oberhofer Platz,749,700,396,6,28,21,338,5,214,4,614.991124260355,592.0,180.44,571.2,545.0,131.34,689.8666666666667,564.0,284.14,797.375,791.5,179.13,920.9978000000001,807.376,295.99,832.0,669.5,462.52
06200423,Schütte-Lanz-Straße,842,804,469,6,24,13,401,6,193,3,683.6059850374065,651.0,171.51,633.4,607.0,66.97,719.9333333333333,682.0,197.9,927.0,826.5,366.24,901.6349999999999,893.525,208.67,825.7142857142857,771.0,186.49
06300524,Berlepschstraße,457,421,217,5,19,17,181,1,94,0,653.3204419889503,626.0,155.7,499.5,494.5,46.89,724.875,693.5,252.46,680.0,680.0,,1287.893,1287.893,,1059.2727272727273,959.0,606.03
06300525,Zehlendorf Süd,537,512,254,3,10,14,209,1,61,1,758.1818181818181,713.0,191.62,326.0,326.0,,620.4,611.0,109.71,727.0,727.0,,774.587,774.587,,1038.2727272727273,943.0,404.62
06300526,Zehlendorf Mitte,547,503,264,1,18,25,235,3,180,1,549.1404255319148,497.0,201.58,399.0,399.0,,471.7,481.5,38.93,503.5,503.5,31.82,938.6453333333333,985.886,147.93,990.421052631579,974.0,490.8
06300527,Sundgauer Straße,664,619,352,7,15,29,313,3,242,3,554.6453674121406,528.0,175.19,466.1666666666667,452.0,122.18,549.0,487.0,220.2,536.0,537.0,93.1,706.5246666666667,742.91,64.94,658.1578947368421,498.0,414.02
06300528,Teltower Damm,1459,1136,693,17,40,35,616,20,344,15,667.0016233766233,623.0,191.01,519.8571428571429,531.0,59.4,616.4074074074074,575.0,159.66,714.7826086956521,666.0,212.76,843.3746500000001,800.0654999999999,178.34,939.0,742.0,461.85
06300629,Botanischer Garten,543,509,269,2,14,20,232,3,160,3,620.2456896551724,593.5,167.39,516.5,516.5,10.61,553.1,575.5,92.71,963.0,803.0,427.1,718.4543333333335,700.4,103.44,937.2941176470588,678.0,445.62
06300630,Hindenburgdamm,669,403,216,2,24,24,188,15,121,15,621.9893617021277,591.5,181.26,376.0,376.0,,615.1111111111111,617.5,118.17,729.4,689.0,174.71,779.0497333333333,785.507,54.57,985.3333333333334,814.5,464.81
06300631,Goerzwerke,333,299,146,1,18,16,130,5,68,1,670.0538461538462,651.5,179.21,,,,656.8333333333334,656.0,123.57,786.0,724.0,175.42,973.693,1003.226,168.93,945.7777777777778,926.0,388.53
06300632,Schweizer Viertel,904,826,453,9,49,29,387,18,236,16,648.9095607235142,619.0,190.63,502.0,493.0,79.31,604.258064516129,616.0,96.34,678.9473684210526,679.0,92.28,763.6241666666666,727.0685000000001,226.5,884.9545454545455,699.5,476.6
06300633,Augustaplatz,856,810,462,9,18,27,400,1,259,1,614.0675,592.0,161.56,518.25,515.0,19.97,591.25,590.5,117.33,748.0,748.0,,771.604,771.604,,907.2380952380952,748.0,354.35
06300634,Lichterfelde West,727,679,360,3,21,27,316,3,207,3,622.6803797468355,600.0,168.68,931.0,931.0,528.92,516.375,518.0,52.86,669.0,667.0,10.15,687.9423333333334,668.317,35.13,969.95,792.5,456.62
06400735,Wannsee,1273,1157,596,9,47,50,448,5,231,0,709.234375,650.5,258.19,606.1666666666666,594.5,87.36,770.2142857142857,755.0,228.55,1108.6666666666667,1106.0,133.13,1458.1817999999998,1248.44,557.57,744.6486486486486,619.0,340.44
06400736,Düppel,678,631,365,10,21,14,309,5,149,1,683.8381877022654,657.0,164.25,535.5,550.5,88.0,700.8333333333334,706.5,133.42,1019.3333333333334,931.5,384.03,1063.7109999999998,1108.836,195.5,922.0833333333334,842.5,320.37
06400737,Nikolassee,1223,1036,570,9,41,59,449,4,275,2,652.4209354120268,611.0,215.44,472.5,460.5,52.92,646.2380952380952,638.0,167.68,839.6666666666666,864.0,174.78,969.1347499999999,938.9580000000001,184.86,1014.7111111111111,838.0,432.4
06400838,Krumme Lanke,750,565,335,7,19,25,284,1,132,1,687.0598591549295,657.0,172.61,606.75,597.5,85.06,656.5,578.0,140.0,702.0,702.0,,869.49,869.49,,1192.1538461538462,1094.0,506.08
06400839,Fischerhüttenstraße,599,543,280,5,18,36,226,3,144,3,628.4690265486726,579.0,157.96,494.0,520.0,56.67,565.5555555555555,553.0,117.92,571.2,545.0,50.59,748.5536666666667,722.637,81.32,871.7916666666666,726.5,473.31
06400840,Fischtal,456,430,257,3,9,16,221,3,134,3,638.4027149321267,607.0,172.58,710.0,532.0,335.51,563.0,545.0,118.0,538.5,538.5,38.89,858.4926666666667,890.417,63.0,1086.2222222222222,838.0,460.3
06400841,Zehlendorf Eiche,645,608,322,5,15,21,288,3,217,2,541.5625,480.5,200.11,362.6666666666667,338.0,77.02,520.1,511.0,211.83,559.75,488.0,217.62,846.4156666666667,852.11,108.2,999.3529411764706,662.0,632.3
06400842,Hüttenweg,422,386,203,3,29,7,180,6,122,6,619.5333333333333,590.0,172.22,539.0,562.0,64.65,692.6875,581.5,296.86,550.6666666666666,546.0,58.32,698.8613333333333,673.3969999999999,56.91,1303.7142857142858,1427.0,443.09
06400843,Thielallee,388,338,184,3,30,20,158,9,105,8,598.126582278481,595.5,148.38,529.0,529.0,16.97,618.8636363636364,604.5,84.18,717.8888888888889,717.0,119.52,773.513888888889,753.123,164.8,1045.5714285714287,923.0,430.54
06400844,Dahlem,765,711,365,4,26,26,333,4,166,3,670.1471471471472,649.0,170.63,543.5,527.5,79.58,632.625,635.0,140.24,736.0,752.0,48.04,867.9647500000001,835.0699999999999,127.05,1000.15,879.5,411.69
07100101,Wittenbergplatz,1433,1336,712,11,46,50,634,13,505,12,552.0977917981072,529.5,177.52,455.6,466.0,115.03,532.8571428571429,505.5,118.9,661.9375,686.5,110.7,708.762923076923,699.266,104.31,704.5813953488372,626.0,246.9
07100102,Kalckreuthstraße,1291,1150,571,10,49,77,496,17,386,17,570.3125,543.0,161.15,449.1666666666667,487.0,107.95,507.7391304347826,509.0,84.94,626.0,583.0,163.5,689.4711176470589,658.684,100.2,742.7076923076924,607.0,318.48
07100103,Frobenstraße,1018,925,481,10,44,44,437,24,329,24,569.7574370709382,544.0,184.93,451.875,460.0,58.64,517.0344827586207,493.0,115.64,645.3103448275862,591.0,202.22,662.155625,673.4265,66.64,736.9487179487179,694.0,242.29
07100204,Barbarossaplatz,765,693,379,6,36,36,340,12,274,11,558.7470588235294,549.0,151.12,349.0,363.0,107.09,502.7916666666667,494.0,71.19,668.625,650.0,119.98,769.5438333333333,747.5885000000001,200.08,788.0,795.0,300.27
07100205,Alvenslebenstraße,644,561,298,1,40,39,253,7,202,7,553.1383399209486,544.0,153.76,448.0,448.0,,554.6875,519.5,108.23,602.3333333333334,609.0,50.23,716.7144285714284,670.48,83.99,826.3333333333334,868.0,270.27
07100206,Großgörschenstraße,822,740,396,7,52,29,349,9,266,8,568.0487106017192,539.0,160.92,396.0,415.0,63.66,528.9411764705883,515.0,136.73,678.6,664.5,165.32,693.3067777777778,667.59,110.3,832.24,781.0,282.46
07200307,Bayerischer Platz,980,914,484,11,28,38,434,5,348,5,562.4331797235023,535.0,170.31,407.6666666666667,441.0,85.05,633.1875,560.5,270.81,785.6363636363636,691.0,354.34,710.351,683.863,111.25,717.6451612903226,712.0,243.68
07200308,Volkspark (Rudolph-Wilde-Park),1112,1020,558,9,47,44,487,16,394,15,551.6858316221766,508.0,186.81,406.375,384.0,62.1,535.0,520.0,81.19,633.125,622.0,96.82,704.6488124999998,700.6485,100.44,803.9411764705883,738.0,374.58
07200409,Belziger Straße,899,811,383,8,35,52,341,6,275,6,532.0087976539589,487.0,188.89,400.75,395.5,32.57,512.6363636363636,476.5,115.6,626.6,642.0,126.36,694.5295000000001,721.8699999999999,149.84,904.8181818181819,844.5,437.36
07200410,Feurigstraße,728,648,342,4,47,31,306,21,261,18,484.55882352941177,447.5,176.1,370.5,339.0,67.06,520.1612903225806,446.0,215.07,702.0,695.0,165.81,734.8915238095238,726.016,111.66,828.3333333333334,736.0,393.78
07200411,Julius-Leber-Brücke,335,293,150,2,15,27,132,3,114,2,495.780303030303,471.0,152.24,473.0,473.0,,505.625,462.5,125.58,603.4,657.0,127.65,827.21,785.187,111.98,934.2631578947369,904.0,327.43
07200412,Schöneberger Linse,365,339,177,3,8,18,147,1,118,1,577.2176870748299,546.0,187.87,413.5,413.5,45.96,563.0,558.0,104.59,583.0,583.0,,670.437,670.437,,794.0714285714286,671.5,342.79
07200413,Cheruskerstraße,966,892,419,3,44,30,369,20,282,19,567.3035230352303,534.0,197.19,443.5,443.5,176.07,579.6538461538462,559.5,129.99,677.4285714285714,650.0,129.48,735.1414,711.7535,88.04,863.3478260869565,756.0,364.4
07200414,Hohenfriedbergstraße,227,197,95,1,20,10,84,3,63,2,555.5238095238095,483.5,197.41,,,,559.1,546.5,99.99,814.75,750.5,189.24,878.9,853.374,133.87,990.2857142857143,816.0,491.72
07300515,Taunusstraße,481,431,228,6,25,25,191,8,144,8,562.3926701570681,528.0,176.76,421.25,440.0,93.75,583.1333333333333,591.0,91.5,652.25,658.5,88.3,723.6863750000001,757.7365,73.33,883.7368421052631,796.0,397.12
07300516,Odenwaldstraße,717,641,337,3,40,36,295,9,199,9,600.3254237288136,575.0,197.34,404.5,404.5,125.16,611.8666666666667,597.0,128.53,627.3,640.0,105.19,656.9885555555555,634.54,96.14,914.8928571428571,890.0,347.02
07300517,Perelsplatz,872,801,406,2,36,34,355,16,268,15,570.9070422535211,558.0,154.8,426.5,426.5,10.61,613.1363636363636,558.0,149.19,646.1333333333333,657.0,84.95,747.56175,749.475,91.89,934.5925925925926,872.0,316.27
07300618,Ceciliengärten,644,590,298,7,26,28,263,4,199,4,567.3498098859316,548.0,160.08,468.2,468.0,24.55,607.6363636363636,616.0,240.51,772.6666666666666,775.0,26.58,659.48875,647.0285,85.92,1090.2272727272727,1156.0,391.21
07300619,Grazer Platz,1512,921,478,4,72,61,415,23,303,21,584.0192771084337,569.0,176.85,488.0,488.0,25.46,619.075,554.0,198.29,680.9230769230769,679.0,100.81,774.8963478260869,786.464,136.83,832.609756097561,743.0,365.36
07400720,Gontermannstraße,1714,1226,613,10,39,50,553,8,402,7,586.0705244122965,546.0,183.78,447.22222222222223,419.0,109.51,606.6666666666666,570.5,186.38,844.2222222222222,913.0,281.8,759.06075,680.6569999999999,306.18,976.3243243243244,978.0,342.37
07400721,Paradestraße,985,882,415,9,81,20,366,16,231,16,633.155737704918,606.0,217.67,447.75,434.0,77.04,642.7142857142857,613.5,202.56,679.75,639.5,116.42,761.2286875,790.53,97.25,940.5882352941177,972.0,457.33
07400822,Lindenhofsiedlung,512,449,232,4,39,24,212,8,155,8,580.1132075471698,570.5,140.89,427.3333333333333,445.0,43.29,616.88,611.0,104.12,733.0,720.0,52.57,747.3082499999999,734.3050000000001,52.58,985.6111111111111,788.5,402.64
07400823,Wittekindstraße,834,789,452,11,17,28,396,2,312,2,549.4823232323232,520.0,168.56,504.1111111111111,473.0,120.41,566.6,527.0,126.29,678.0,678.0,,716.9245000000001,716.9245000000001,131.02,841.65,830.0,439.27
07400824,Bosepark,834,776,427,4,24,33,373,3,307,3,520.3994638069705,496.0,185.8,362.0,343.0,70.45,530.3,471.0,137.96,699.0,735.0,97.14,741.1376666666666,735.177,154.41,971.4615384615385,1107.0,482.35
07400825,Friedrich-Karl-Straße,557,519,293,5,17,21,265,3,210,3,553.3320754716981,524.0,170.96,379.6,383.0,67.86,566.5833333333334,538.0,92.59,664.0,725.0,109.14,690.2776666666667,728.6,77.37,1027.5,929.5,484.3
07400826,Marienhöhe,525,501,274,6,13,10,242,2,191,2,577.797520661157,561.0,164.16,402.6,435.0,75.37,525.1666666666666,513.5,59.6,1029.5,1029.5,532.45,626.7405,626.7405,41.45,1184.0,1154.0,433.16
07400927,Rathaus Tempelhof,1882,1660,898,22,113,88,779,49,572,43,560.0937098844672,533.0,192.66,428.3529411764706,403.0,108.47,576.6,560.0,118.38,732.6346153846154,700.0,235.84,786.1755102040815,721.803,286.24,935.4459459459459,791.0,367.7
07400928,Germaniagarten,384,357,206,5,14,12,179,1,136,1,594.2849162011173,569.0,143.29,484.5,503.5,101.72,594.7142857142857,645.0,154.63,1223.0,1223.0,359.21,551.03,551.03,,984.2,1002.5,429.48
07501029,Ringstraße,899,842,434,7,28,29,394,12,297,8,579.3807106598985,541.5,208.32,469.0,434.0,61.4,760.0,660.0,287.62,791.6666666666666,742.5,219.94,915.5128333333332,830.24,331.81,1044.2105263157894,876.0,539.79
07501030,Machonstraße,981,940,556,6,16,23,488,6,361,6,556.6495901639345,543.0,180.83,453.0,432.0,67.35,590.625,547.0,132.92,669.0,677.0,122.27,720.7068333333333,732.8834999999999,142.8,985.0,639.0,542.82
07501031,Eisenacher Straße,997,943,560,11,25,27,508,4,332,4,611.4271653543307,588.5,176.56,454.0,513.0,105.5,588.8888888888889,573.5,121.16,665.6,670.0,81.47,734.886,769.3835,124.91,1182.590909090909,1260.5,405.98
07501032,Imbrosweg,579,538,291,3,20,20,254,6,135,6,665.3897637795276,637.0,191.79,639.0,639.0,5.66,684.8,620.0,277.46,710.75,684.5,107.41,776.5769999999999,792.4715,86.41,1041.4444444444443,803.5,462.45
07501133,Fritz-Werner-Straße,1254,1164,645,9,52,35,573,12,452,6,541.3403141361257,499.0,186.79,430.85714285714283,436.0,77.76,584.03125,537.0,145.89,755.0769230769231,698.0,215.99,860.3205833333333,882.9355,165.87,824.3076923076923,624.0,463.72
07501134,Hundsteinweg,1135,1058,571,9,41,33,519,5,342,3,626.2292870905587,597.0,189.22,548.3333333333334,556.5,94.2,607.578947368421,601.0,92.98,818.8,864.0,96.97,842.5772000000001,793.33,145.57,880.8,740.0,394.35
07501135,Birnhornweg,249,241,134,2,6,2,116,1,84,0,584.8706896551724,570.5,149.74,428.0,428.0,31.11,599.3333333333334,522.0,154.29,,,,1123.2559999999999,1123.2559999999999,,545.0,545.0,60.81
07601236,Marienfelder Allee Nordwest,961,901,482,11,27,32,417,2,265,0,633.7362110311751,593.0,193.78,510.44444444444446,495.0,110.24,607.5,628.5,81.17,631.0,631.0,8.49,961.7065,961.7065,41.06,1017.3,793.0,539.47
07601237,Kirchstraße,446,422,219,4,10,13,185,0,118,0,627.6432432432432,592.0,181.32,551.5,576.0,155.62,727.2857142857143,673.0,178.48,,,,,,,691.3,596.5,241.57
07601238,Marienfelde Nordost,400,351,191,3,27,22,166,4,92,1,658.3614457831326,619.0,206.24,574.5,574.5,21.92,673.8333333333334,625.5,169.1,985.625,877.0,373.1,1160.58075,1083.545,345.28,829.4285714285714,845.0,356.69
07601339,Tirschenreuther Ring West,631,576,330,5,41,14,273,18,143,8,673.010989010989,643.0,204.3,538.0,496.0,103.6,739.5,724.5,83.77,826.8235294117648,784.0,174.27,906.6445555555555,919.6565,83.4,1192.888888888889,1077.0,444.76
07601340,Tirschenreuther Ring Ost,817,752,431,6,29,34,372,10,219,4,657.3360215053764,621.5,199.8,583.6666666666666,574.0,44.3,719.0,686.5,128.71,826.0,825.0,114.73,999.0464,928.6365000000001,244.57,818.1764705882352,735.0,297.14
07601341,Diedersdorfer Weg,426,375,180,3,36,15,156,12,65,0,674.1474358974359,660.0,188.6,657.0,637.0,51.97,795.1739130434783,774.0,154.21,1001.0,1031.0,129.88,1098.5914166666666,991.635,290.86,1165.0,1025.5,450.21
07601442,Kettinger Straße,1042,996,583,13,20,24,491,6,263,3,660.4195519348269,632.0,196.51,576.0,560.0,129.1,697.0,750.5,221.78,787.6666666666666,729.0,162.83,957.9793333333332,900.9014999999999,247.31,1069.7857142857142,886.0,393.55
07601443,Töpchiner Weg,961,907,504,8,20,33,417,2,211,1,682.7362110311751,642.0,226.28,599.5,664.5,161.78,727.0833333333334,703.0,197.83,860.5,860.5,38.89,1024.5755,1024.5755,235.44,1154.842105263158,1210.0,468.86
07601544,John-Locke-Straße,1270,1213,654,6,31,26,527,5,252,0,713.0132827324478,669.0,247.83,633.0,641.5,81.56,799.578947368421,792.0,211.9,1199.75,1248.0,270.85,1148.7594,1048.5140000000001,245.86,1087.2142857142858,972.0,345.47
07601545,Nahariyastraße,959,884,480,7,34,39,401,5,191,1,681.5561097256858,668.0,245.48,585.0,574.0,219.08,773.9583333333334,772.0,227.12,996.1666666666666,961.5,142.75,1038.644,1016.137,195.29,1234.8333333333333,1112.0,413.88
07601546,Franziusweg,515,479,248,4,13,23,201,3,92,1,752.3383084577115,670.0,256.76,649.0,482.0,370.86,807.5714285714286,814.0,67.51,912.0,850.0,188.8,994.3833333333336,981.613,239.44,1202.7777777777778,1206.0,288.44
07601547,Horstwalder Straße,497,462,275,2,17,18,218,1,86,0,731.5366972477065,717.5,242.78,385.0,385.0,,1001.1666666666666,900.5,298.0,1354.5,1354.5,9.19,934.52,934.52,,1096.4,1037.5,163.27
07601548,Wittelsbacherstraße,215,201,125,2,4,10,98,0,38,0,728.3979591836735,731.5,233.71,884.0,884.0,,594.0,594.0,289.91,,,,,,,1029.142857142857,1039.0,460.66
08100101,Hasenheide,587,530,275,4,27,29,245,3,171,3,610.9632653061225,573.0,193.59,543.5,543.5,194.45,598.1875,562.0,86.6,961.0,761.0,575.88,700.9913333333334,694.89,66.2,832.3636363636364,716.0,362.46
08100102,Schillerpromenade Nord,743,679,358,3,36,28,314,8,217,6,614.3089171974523,588.5,193.83,578.0,578.0,158.39,596.2,578.5,95.31,819.7777777777778,712.0,353.12,806.132,747.7909999999999,203.56,1105.2608695652175,1005.0,470.66
08100103,Schillerpromenade Süd,613,561,287,5,31,20,254,8,183,8,593.6377952755905,558.0,189.98,428.75,427.5,94.5,563.0588235294117,537.0,122.44,607.1,592.0,109.52,684.366625,712.4055,93.05,1051.4,1078.0,441.49
08100104,Wartheplatz,627,574,300,3,30,22,263,5,206,5,564.6653992395437,520.0,189.86,444.0,444.0,62.23,496.5,464.0,118.27,578.75,570.0,98.0,714.426,643.237,130.02,783.9333333333333,643.0,431.2
08100105,Silbersteinstraße,878,821,480,10,23,34,428,7,343,6,545.661214953271,497.0,194.77,443.7,446.5,41.88,521.9230769230769,487.0,96.82,747.3333333333334,697.5,256.29,735.7554285714286,745.877,147.34,795.4090909090909,589.0,439.75
08100206,Flughafenstraße,1293,1179,572,8,60,54,503,15,378,9,583.7435387673956,568.0,169.7,438.3333333333333,434.0,99.8,578.3829787234042,531.0,150.42,766.8888888888889,680.0,303.29,817.1071999999999,833.08,134.44,927.3571428571429,879.0,380.73
08100207,Rollberg,958,887,494,6,37,33,433,9,292,9,612.3879907621247,570.0,196.36,452.0,452.0,,513.7272727272727,495.5,78.69,615.25,562.0,225.48,709.6583333333334,719.21,109.77,824.5,701.5,316.36
08100208,Körnerpark,1258,1156,587,18,53,46,514,10,427,10,503.18677042801556,461.5,181.64,354.9166666666667,303.0,115.67,469.24242424242425,432.0,140.81,560.8461538461538,495.0,175.48,684.4994,711.213,136.07,876.7692307692307,734.0,451.99
08100209,Glasower Straße,1222,1099,603,4,75,46,534,38,441,35,508.3445692883895,469.0,178.53,349.6666666666667,321.0,101.1,489.22222222222223,480.0,88.64,582.8260869565217,519.5,206.85,716.5027631578948,681.2985,129.31,778.6666666666666,568.0,417.19
08100310,Maybachufer,642,585,287,6,26,31,251,8,207,7,531.2669322709163,497.0,163.9,418.25,430.0,68.56,511.5,493.0,107.21,708.7142857142857,679.0,205.97,673.2045,681.9549999999999,163.51,1011.0,793.0,525.15
08100311,Reuterplatz,646,603,332,7,21,22,299,5,248,3,556.4949832775919,541.0,154.12,464.5,415.5,85.24,548.75,550.0,178.78,743.1666666666666,659.5,240.61,810.6766,786.2,186.29,835.7368421052631,719.0,310.34
08100312,Weichselplatz,1161,1032,535,6,71,57,467,19,353,18,579.6723768736616,555.0,169.61,508.1666666666667,508.5,74.52,538.8285714285714,560.0,90.94,636.7142857142857,638.0,128.63,657.431105263158,633.46,127.27,893.3061224489796,858.0,296.47
08100313,Bouchéstraße,281,268,154,2,3,10,137,2,93,2,625.4452554744526,607.0,155.18,474.0,474.0,,567.5,567.5,7.78,597.5,597.5,157.68,641.0995,641.0995,96.16,912.6,757.5,387.42
08100314,Donaustraße,1482,1371,682,12,61,49,586,13,482,13,560.5716723549488,540.5,167.87,464.375,437.5,118.03,511.53125,506.5,86.18,757.3846153846154,717.0,359.2,657.746076923077,626.5899999999999,106.44,859.6,830.0,296.61
08100415,Ganghoferstraße,676,589,331,2,52,34,283,3,189,3,599.4381625441696,584.0,177.12,435.0,435.0,,555.2666666666667,539.0,94.44,653.75,624.0,133.08,695.7976666666667,750.83,107.02,914.1071428571429,871.5,356.35
08100416,Alt-Rixdorf,658,607,317,1,28,22,271,5,190,5,591.5387453874539,556.0,177.93,,,,550.578947368421,483.0,167.92,647.4444444444445,640.0,76.42,803.9878,798.84,53.41,962.25,916.5,379.95
08100417,Braunschweiger Straße,1157,1046,544,7,62,49,479,15,340,12,572.5010438413361,536.0,190.17,395.7142857142857,404.0,51.42,506.75,485.5,134.36,619.65,515.0,308.77,788.7674,730.456,169.56,861.875,710.0,415.68
08100418,Hertzbergplatz,884,811,438,4,34,39,385,10,235,10,635.561038961039,612.0,158.92,487.0,487.0,69.3,647.05,629.0,126.73,647.3636363636364,608.0,86.65,731.1879,728.97,72.73,927.8928571428571,916.5,315.28
08100419,Treptower Straße Nord,722,668,349,3,25,29,301,9,169,9,651.8172757475083,636.0,171.75,702.0,620.0,261.81,679.5625,655.5,126.47,699.2,657.0,151.57,716.8554444444445,706.936,46.21,959.7083333333334,900.5,314.06
08100520,Weiße Siedlung,796,706,384,5,41,48,350,17,170,14,677.2,653.5,185.62,598.4,633.0,88.44,639.1481481481482,617.0,89.21,746.3571428571429,623.5,297.15,767.349588235294,750.993,117.82,1041.909090909091,1022.0,299.62
08100521,Schulenburgpark,1224,1097,590,7,71,56,527,19,305,18,643.3510436432638,626.0,164.37,409.8,384.0,129.41,651.6078431372549,601.0,244.3,723.95,660.5,232.48,780.996947368421,775.313,85.82,897.0434782608696,858.5,317.08
08200622,Jahnstraße,691,617,316,3,37,36,273,12,213,10,568.025641025641,527.0,212.36,494.0,494.0,59.4,529.8214285714286,501.5,196.11,565.6428571428571,537.0,87.28,738.92475,731.0550000000001,102.9,803.75,686.0,382.67
08200623,Park am Buschkrug,766,715,337,6,20,31,291,2,195,1,609.1615120274914,588.0,185.41,467.5,467.5,3.54,558.125,565.5,66.12,576.5,576.5,65.76,838.852,838.852,301.6,918.04,952.0,354.83
08200624,Tempelhofer Weg,992,926,524,6,40,26,461,15,315,14,616.7180043383948,588.0,186.39,676.2,522.0,531.92,596.8888888888889,584.0,88.51,667.6470588235294,628.0,126.71,784.0906666666667,753.297,103.82,976.7368421052631,891.0,435.78
08200725,Mohriner Allee Nord,379,349,209,1,22,8,179,13,98,11,663.586592178771,634.0,196.1,,,,718.6111111111111,661.5,281.64,783.4,753.0,133.32,770.1134615384616,767.02,101.92,829.3333333333334,810.5,253.12
08200726,Hufeisensiedlung,541,501,269,5,22,17,237,1,143,1,629.9029535864979,605.0,169.48,445.6666666666667,532.0,171.64,528.3333333333334,531.0,105.76,,,,788.5,788.5,,740.0,625.0,373.04
08200727,Parchimer Allee Süd,917,857,502,7,29,31,436,3,286,2,615.3440366972477,593.0,169.55,471.8333333333333,473.0,53.79,592.4666666666667,571.0,103.26,870.0,735.0,321.35,863.41,865.127,57.47,1059.5,1015.5,467.46
08200728,Ortolanweg,243,232,133,7,7,4,108,2,73,2,622.1111111111111,588.5,248.11,571.0,620.0,115.5,604.5,604.5,21.92,704.5,704.5,72.83,759.6755,759.6755,27.62,653.3333333333334,555.0,190.58
08200729,Britzer Garten,285,262,135,2,10,13,115,1,42,0,790.2608695652174,723.0,263.41,,,,508.0,508.0,154.15,890.0,890.0,,1070.85,1070.85,,1187.4444444444443,1164.0,351.69
08200730,Handwerker-Siedlung,432,413,230,3,15,4,202,3,118,2,653.450495049505,610.0,201.78,600.3333333333334,541.0,202.62,548.6666666666666,509.0,107.83,851.5,805.0,184.62,798.1413333333334,767.843,128.14,732.0,575.0,317.13
08200831,Buckow West,706,680,378,8,8,17,337,2,162,2,675.8100890207716,652.0,176.26,513.2,523.0,137.34,739.0,739.0,114.55,945.0,967.0,120.52,846.623,846.623,44.79,1081.2857142857142,1115.0,303.36
08200832,Buckow Mitte,1356,1287,714,10,30,38,625,9,263,6,699.8144,679.0,187.97,573.6666666666666,570.0,47.05,725.8666666666667,731.0,132.35,900.875,861.0,184.17,834.256,804.334,196.65,1096.9666666666667,1123.0,325.51
08200833,Buckow Ost,883,822,455,5,27,33,389,9,189,4,688.2519280205655,651.0,185.12,555.6666666666666,550.0,90.63,669.3571428571429,633.0,163.72,859.2727272727273,882.0,189.99,905.8323333333333,903.78,85.94,1112.76,1012.0,499.07
08300934,Gropiusstadt Nord-West,1867,1778,990,15,43,44,837,11,580,10,603.8219832735962,551.0,204.36,413.1818181818182,416.0,86.48,538.8571428571429,500.0,105.47,815.875,845.5,147.06,782.5940000000002,778.783,69.9,858.3939393939394,759.0,410.32
08300935,Gropiusstadt Süd-West,832,782,438,11,22,27,385,7,223,4,675.1844155844155,613.0,234.58,566.7142857142857,521.0,179.87,663.0833333333334,594.5,185.14,782.7142857142857,789.0,207.06,909.4551428571428,861.703,153.64,1123.7619047619048,1235.0,459.16
08301036,Gropiusstadt Mitte,971,918,500,10,23,30,441,7,306,6,611.59410430839,570.0,198.54,473.3333333333333,431.0,106.85,720.6666666666666,747.0,101.76,838.2857142857143,859.0,52.45,893.1422857142858,766.647,300.86,922.12,769.0,376.63
08301037,Gropiusstadt Süd-Ost,1312,1228,708,12,42,42,612,14,400,11,633.6176470588235,588.0,202.45,468.875,468.0,108.17,623.2608695652174,662.0,174.82,857.4615384615385,793.0,244.76,819.2281428571426,794.0215000000001,127.97,888.0714285714286,740.0,301.43
08401138,Goldhähnchenweg,331,314,166,5,1,16,141,0,94,0,625.9007092198582,587.0,222.01,455.5,455.5,14.85,,,,,,,,,,1074.2307692307693,1145.0,399.77
08401139,Vogelviertel Süd,1277,797,458,8,30,25,383,18,296,16,547.9373368146214,500.0,196.35,412.2857142857143,428.0,80.0,551.5238095238095,534.0,89.32,686.25,679.0,202.51,740.9480555555557,724.4585,94.3,798.1333333333333,713.0,442.2
08401140,Vogelviertel Nord,253,242,142,1,6,5,127,1,92,1,544.2598425196851,495.0,197.53,,,,453.0,453.0,,741.0,741.0,,738.453,738.453,,974.4,906.0,190.01
08401241,Blumenviertel,763,721,408,8,9,33,351,4,263,4,573.8376068376068,532.0,191.6,449.1666666666667,452.5,58.35,568.5,592.0,159.1,673.6666666666666,681.5,75.88,695.07025,714.482,57.14,837.44,766.0,442.33
08401242,Zittauer Straße,605,589,345,2,4,12,298,0,176,0,644.6275167785235,615.0,176.04,529.0,529.0,,421.5,421.5,289.21,465.0,465.0,316.78,,,,963.1,834.5,412.82
08401243,Alt-Rudow,934,877,489,8,31,26,418,3,234,1,650.7105263157895,626.0,179.86,572.8333333333334,566.0,119.11,657.5294117647059,614.0,133.97,953.6666666666666,872.0,143.19,934.8946666666667,1035.3899999999999,204.71,1025.1764705882354,947.0,439.48
08401244,Waßmannsdorfer Chaussee,763,731,389,8,15,17,328,6,171,2,672.3780487804878,638.5,226.72,484.8333333333333,489.0,56.8,491.72727272727275,506.0,194.53,921.3333333333334,1004.0,204.17,961.0688333333334,967.037,149.35,939.6153846153846,880.0,364.39
08401245,Frauenviertel,394,374,195,2,10,10,171,5,72,2,710.7602339181286,694.0,212.69,543.0,543.0,63.64,759.6666666666666,776.5,96.92,898.8,949.0,124.77,920.7312000000002,932.76,71.92,1013.2857142857143,956.0,397.19
08401246,Waltersdorfer Chaussee Ost,647,605,343,5,17,25,280,2,131,2,681.3178571428572,670.0,211.16,504.3333333333333,430.0,208.68,649.3333333333334,612.5,159.71,941.5,941.5,508.41,730.2135000000001,730.2135000000001,62.8,1045.5333333333333,1078.0,362.95
09100101,Alt-Treptow,1604,1471,740,6,68,62,645,11,406,11,633.6697674418605,603.0,193.1,583.25,575.5,132.72,649.1666666666666,620.0,177.83,761.0666666666667,732.0,269.29,723.2050909090908,736.946,95.14,883.5185185185185,797.5,319.39
09100202,Plänterwald West,362,341,179,3,9,12,157,1,90,1,633.0,633.0,152.3,541.3333333333334,499.0,91.19,727.4,665.0,147.63,810.5,810.5,85.56,749.917,749.917,,1060.125,1001.5,299.48
09100203,Plänterwald Ost,797,744,406,6,31,21,356,9,148,7,695.8595505617977,678.5,191.2,631.3333333333334,564.0,135.22,647.3157894736842,657.0,78.26,723.3333333333334,687.5,121.89,832.1713333333333,742.59,193.77,866.9333333333333,771.0,329.87
09100304,Baumschulenweg West,1492,1397,758,15,63,32,672,10,417,9,633.5327380952381,601.0,159.05,506.75,504.0,49.57,655.4102564102565,591.0,233.39,644.0833333333334,603.5,141.05,762.1664999999999,770.2950000000001,108.91,882.3076923076923,692.0,441.37
09100305,Baumschulenweg Ost,466,432,234,2,18,15,209,5,103,3,659.7177033492823,645.0,134.32,717.0,717.0,,622.0,619.5,109.87,795.75,709.5,249.66,842.6974,724.11,225.63,1023.25,870.0,390.77
09100306,Späthsfelde,314,291,161,5,10,12,144,2,82,2,645.9375,617.5,175.93,563.5,585.0,71.34,856.4285714285714,656.0,420.11,701.3333333333334,700.0,69.01,730.9169999999999,730.9169999999999,126.98,762.9,727.5,228.86
09100407,Johannisthal West,956,901,507,8,35,18,454,7,322,7,596.7665198237886,565.0,183.47,423.0,437.0,41.68,541.0,548.0,65.29,563.5555555555555,533.0,136.98,694.394,716.9,78.55,691.0666666666667,610.0,346.37
09100408,Johannisthal Ost,775,722,384,8,18,32,348,1,252,1,558.4109195402299,521.5,185.69,372.875,372.5,71.84,529.0,504.0,178.17,465.0,465.0,,740.56,740.56,,576.56,527.0,258.37
09100409,Landschaftspark Adlershof,532,491,259,3,24,17,228,1,136,1,652.8464912280701,620.0,197.64,548.0,548.0,,566.8666666666667,556.0,130.79,762.0,762.0,,683.46,683.46,,800.2222222222222,828.0,163.88
09200510,Helmholtz-Kiez,961,890,500,4,41,30,442,8,310,4,622.6244343891402,597.0,173.58,579.0,492.0,262.54,669.8823529411765,609.0,184.73,714.9230769230769,662.0,140.72,860.6887499999999,907.8515,184.9,916.85,806.0,446.93
09200511,Griechischer Park,1179,1093,584,12,40,45,507,5,312,4,643.8856015779093,614.0,166.29,571.25,522.0,139.98,599.6206896551724,593.0,68.78,700.5833333333334,645.5,284.95,817.7662,816.836,136.42,946.65625,842.5,375.34
09200512,Wuhlheide,479,412,204,4,48,19,178,19,65,12,721.5280898876405,699.5,181.22,573.0,573.0,90.51,689.516129032258,652.0,136.06,780.5652173913044,721.0,162.07,861.7692631578948,758.066,226.3,1079.0833333333333,1025.5,295.67
09200613,Bahnhof Schöneweide,1608,1502,742,10,54,50,635,5,447,5,587.3401574803149,554.0,186.54,529.4444444444445,497.0,137.09,569.5925925925926,508.0,257.01,684.7777777777778,635.0,202.48,717.9381999999999,648.91,110.54,680.974358974359,641.0,173.18
09200614,Oberspree,515,498,278,7,7,10,247,0,132,0,662.6396761133603,636.0,181.95,537.5714285714286,549.0,140.16,676.75,668.5,104.3,,,,,,,879.0,794.0,240.88
09200715,Wista,711,601,285,2,66,43,243,18,162,12,603.7736625514403,567.0,182.74,437.0,437.0,50.91,567.2045454545455,571.5,112.6,682.2068965517242,634.0,195.55,927.6596666666667,811.4085,495.73,788.8965517241379,762.0,257.3
09200716,Dörpfeldstraße West,777,737,373,7,23,15,327,4,193,3,621.394495412844,624.0,187.75,491.5,467.0,222.81,695.3684210526316,657.0,196.83,826.8,728.0,335.67,716.0450000000001,685.572,147.68,817.8888888888889,847.0,179.0
09200717,Dörpfeldstraße Ost,869,815,443,3,24,30,391,6,219,5,649.4092071611253,631.0,186.79,530.5,530.5,45.96,635.7368421052631,623.0,94.24,785.6,836.0,106.24,838.2526666666666,819.8299999999999,191.56,882.1578947368421,750.0,404.92
09200818,Spindlersfeld,317,293,156,4,7,17,132,0,90,0,605.4090909090909,590.0,145.57,425.6666666666667,407.0,38.55,525.3333333333334,536.0,22.94,,,,,,,929.0,883.0,361.05
09200819,Köllnische Vorstadt,937,869,465,6,30,38,411,4,285,3,604.5620437956204,572.0,176.26,561.75,462.0,280.77,618.6875,644.5,219.83,714.0,651.0,221.3,826.409,797.826,139.3,983.5185185185185,916.0,277.39
09300920,Dorf Altglienicke,979,943,502,14,15,20,419,3,209,1,666.653937947494,651.0,203.72,514.1818181818181,520.0,134.08,671.3333333333334,683.0,84.48,931.5,931.5,251.02,1013.073,1012.216,255.31,980.0,932.5,320.03
09300921,Preußen Siedlung,220,202,93,2,8,10,78,2,36,1,701.5128205128206,688.0,194.26,652.5,652.5,149.2,935.0,771.0,371.55,997.5,997.5,111.02,976.0385,976.0385,141.91,1163.8,898.0,449.71
09300922,Kosmos Viertel,763,705,358,4,24,32,308,9,83,6,764.1818181818181,754.5,160.33,710.25,698.5,42.81,703.9375,718.0,107.04,911.1111111111111,910.0,109.24,857.3726666666666,854.62,58.69,931.8,956.0,207.17
09300923,Kölner Viertel,675,634,340,7,22,19,286,9,57,3,762.9335664335664,745.5,169.86,674.0,697.0,104.51,817.9285714285714,816.5,122.08,1023.25,926.5,263.35,1113.2513333333334,1036.304,304.16,1067.25,1122.5,171.93
09301024,Falkenberg,593,315,162,2,18,14,120,8,77,0,603.5416666666666,521.5,215.76,585.0,585.0,,757.6428571428571,734.0,122.78,975.0,978.5,55.02,986.39275,990.9395,47.64,1226.6666666666667,1275.0,332.28
09301025,Alt-Bohnsdorf,1078,1008,540,8,49,21,415,16,218,3,676.5036144578313,643.0,210.02,490.6666666666667,463.0,69.74,845.3636363636364,849.0,140.8,988.2142857142857,958.0,160.0,1015.2836875000002,984.5255,214.52,1167.0,1053.0,442.03
09301126,Grünau,943,868,466,6,31,44,379,6,219,4,658.976253298153,631.0,187.44,570.25,497.5,169.32,714.0,662.0,250.33,943.375,831.5,252.78,889.9446666666668,823.347,160.6,962.85,768.5,425.03
09301227,Karolinenhof,149,145,76,3,2,2,56,1,13,0,796.4107142857143,765.0,234.46,848.5,848.5,3.54,758.0,758.0,,1047.0,1047.0,,1009.65,1009.65,,143.0,143.0,
09301228,Schmöckwitz/Rauchfangswerder,213,184,99,1,9,20,67,2,14,0,847.9104477611941,785.0,246.28,,,,914.0,846.0,196.5,,,,1098.9105,1098.9105,71.59,1205.0,1281.5,340.91
09401329,Kietzer Feld/Nachtheide,1232,1144,619,4,37,49,536,12,294,2,662.2313432835821,629.0,190.76,641.25,570.5,164.07,705.8571428571429,693.5,111.53,864.2857142857143,858.5,182.62,994.1234999999998,993.415,156.29,1001.8333333333334,886.0,358.3
09401330,Wendenschloß,161,154,85,0,2,5,75,0,23,0,750.5466666666666,746.0,163.6,,,,,,,,,,,,,1367.6666666666667,1524.0,366.43
09401431,Allende I,764,731,410,11,20,12,357,3,274,3,561.641456582633,542.0,173.1,440.875,399.0,121.86,584.1818181818181,592.0,98.88,877.6,641.0,558.62,815.3333333333334,823.373,45.4,760.8181818181819,711.0,178.56
09401432,Siedlung Kämmereiheide,165,159,94,1,3,2,77,0,53,0,581.4025974025974,570.0,168.31,382.0,382.0,,491.0,491.0,,,,,,,,1141.5,1141.5,860.55
09401433,Allende II,740,519,294,2,17,16,248,3,156,2,624.7701612903226,612.5,181.18,564.0,564.0,,594.0,628.0,236.39,659.5,612.5,120.63,893.5303333333333,824.084,286.91,1173.6,1281.0,398.72
09401534,Altstadt Köpenick,864,803,393,10,18,38,339,2,272,2,557.8761061946902,525.0,178.56,462.75,465.5,112.51,544.0769230769231,494.0,132.73,537.5,537.5,74.25,653.8264999999999,653.8264999999999,79.19,769.483870967742,627.0,379.27
09401635,Müggelheim,517,477,278,6,15,24,228,2,86,0,766.5833333333334,744.5,241.26,502.0,502.0,69.3,799.0,811.0,108.31,1153.5,1153.5,150.61,1606.562,1606.562,380.02,1035.25,938.5,355.03
09501736,Hirschgarten,573,547,320,2,5,20,265,2,162,1,629.1509433962265,605.0,168.03,583.0,583.0,,707.0,717.0,54.69,1309.0,1309.0,152.74,963.0,963.0,173.13,981.9,820.5,331.51
09501737,Alt-Friedrichshagen,1485,1400,785,15,36,49,632,5,363,1,644.7183544303797,607.0,212.51,515.625,511.5,75.08,645.8636363636364,650.5,118.54,951.2857142857143,927.0,153.27,974.6038000000001,932.833,117.84,943.5,868.5,318.82
09501838,Rahnsdorf,984,909,510,10,28,45,376,5,211,0,690.8670212765958,620.0,252.9,540.375,525.0,72.18,733.9444444444445,741.0,122.91,1298.6666666666667,1230.0,125.05,1406.1426,1348.517,311.3,781.695652173913,736.0,203.58
09501939,Bahnhofstraße,947,881,434,8,32,30,387,5,290,3,582.9431524547804,548.0,175.07,576.5714285714286,566.0,146.78,585.4,587.0,98.29,657.9,618.5,112.74,868.3506000000001,883.137,94.23,834.2173913043479,626.0,436.54
09501940,Güterbahnhof Köpenick,283,268,129,3,6,9,114,1,80,1,627.7631578947369,570.0,194.55,489.5,489.5,78.49,616.5,616.5,43.13,679.0,679.0,,679.147,679.147,,848.2,765.0,244.01
09501941,Friedrichshagener Straße,278,257,135,0,10,11,119,1,84,1,607.7647058823529,578.0,180.58,,,,657.8571428571429,606.0,146.22,579.0,579.0,,756.617,756.617,,844.0,781.0,476.55
09502042,Mittelheide,349,327,179,1,11,11,158,2,86,1,663.9746835443038,637.5,166.55,639.0,639.0,,611.5,593.5,55.22,706.0,604.0,229.35,855.8905,855.8905,87.53,929.6666666666666,717.0,396.19
09502043,Dammheide,926,862,491,8,34,30,444,4,203,2,691.2162162162163,668.0,161.39,629.3333333333334,617.5,94.0,666.5882352941177,647.0,84.88,834.0,816.0,184.66,886.2199999999999,879.7265,112.89,1049.4444444444443,888.0,433.32
10100101,Marzahn West,561,516,270,7,19,24,242,3,149,3,640.2107438016529,614.0,199.4,561.2857142857143,589.0,107.16,693.25,755.0,203.09,692.75,708.5,72.74,762.3546666666666,778.06,65.02,971.2105263157895,906.0,462.57
10100102,Rosenbecker Straße,418,393,207,2,14,11,178,4,83,3,680.2977528089888,659.5,164.29,599.5,599.5,147.79,764.2222222222222,696.0,158.51,852.75,718.5,323.24,808.3700000000001,752.7265,130.39,936.3,891.0,236.13
10100103,Wittenberger Straße,970,907,499,3,26,37,448,3,189,2,703.2745535714286,669.5,183.34,663.0,663.0,,678.0,695.0,91.74,814.3333333333334,768.0,184.91,861.4103333333333,785.804,135.56,966.9642857142857,901.5,254.16
10100104,Golliner Straße,737,688,354,6,21,28,315,6,131,6,695.1968253968254,676.0,158.24,495.8333333333333,525.5,115.3,769.1538461538462,716.0,187.7,880.1666666666666,745.0,294.59,730.5201666666667,733.4485,38.14,1228.1304347826087,1030.0,409.97
10100205,Gewerbegebiet Bitterfelder Straße,439,392,190,6,32,15,176,4,115,2,619.9715909090909,586.0,188.68,485.75,474.0,56.97,678.5454545454545,613.0,209.94,621.0,608.5,64.68,927.93775,874.9355,390.83,1026.5,1041.5,429.12
10100206,Wuhletalstraße,1199,1112,660,7,47,39,599,4,352,4,645.5809682804675,622.0,157.23,551.8,531.0,45.48,636.59375,643.0,134.49,736.2727272727273,712.0,198.35,728.9275,729.7885,88.92,1017.1515151515151,851.0,447.75
10100207,Ahrensfelder Berge,754,712,397,9,18,23,358,3,152,3,671.7346368715084,673.0,170.63,483.0,472.0,163.63,685.5,663.5,80.7,742.0,742.0,168.29,725.9266666666667,720.187,82.84,1036.2941176470588,867.0,431.58
10100208,Bürgerpark,1326,1240,753,11,60,24,679,14,416,13,643.119293078056,619.0,167.39,580.1428571428571,558.0,102.77,655.6829268292682,612.0,220.4,659.7333333333333,668.0,106.07,733.5246428571429,695.842,153.48,967.7142857142857,836.0,324.49
10100209,Lea-Grundig-Straße,886,833,491,8,26,26,450,6,219,6,658.6977777777778,656.0,163.85,582.7142857142857,512.0,123.6,563.8125,568.0,164.74,713.0,713.0,184.45,669.2946666666667,653.5035,72.77,1037.142857142857,911.0,410.81
10100210,Marzahner Promenade,1357,1249,667,9,54,53,600,15,457,13,579.0116666666667,554.5,156.23,492.8333333333333,477.0,72.31,566.9705882352941,533.5,147.56,587.0,563.5,126.82,712.9899999999999,680.717,152.53,973.6388888888889,715.0,513.14
10100311,Marzahner Chaussee,843,729,380,7,57,54,337,11,244,9,586.3353115727003,573.0,171.85,396.1666666666667,392.0,91.19,639.4411764705883,652.5,157.76,809.2777777777778,648.0,430.29,778.8493636363637,756.85,94.53,1009.5135135135135,807.0,479.0
10100312,Springpfuhl,1860,1721,925,12,72,66,849,19,664,16,566.0435806831566,530.0,183.48,499.2857142857143,460.0,89.01,581.8103448275862,557.0,193.4,639.8181818181819,576.0,318.61,776.8536842105264,665.293,380.42,878.0,608.0,530.88
10100313,Alt-Marzahn,560,528,294,3,13,19,267,3,216,3,547.5992509363296,502.0,209.4,302.0,302.0,,555.1111111111111,523.0,135.02,602.2,504.0,206.28,570.7056666666667,544.746,119.66,982.0714285714286,656.5,514.78
10100314,Auersbergstraße,602,563,320,5,25,13,295,5,221,5,587.142372881356,560.0,187.96,485.6666666666667,487.0,48.01,581.6428571428571,571.5,178.43,682.75,683.0,59.2,700.4651999999999,710.387,44.23,976.4,786.0,435.55
10100315,Bärenstein,752,701,397,7,25,26,367,3,264,3,594.2534059945505,573.0,161.92,484.4,468.0,55.52,574.25,578.5,62.51,805.2,564.0,545.71,632.1086666666666,655.443,50.62,677.1764705882352,654.0,223.09
10100316,Landsberger Tor,587,555,310,6,23,7,288,5,162,4,643.7986111111111,632.5,191.66,432.6,410.0,108.75,774.6666666666666,613.5,361.02,662.6,661.0,31.09,778.312,798.987,153.6,1038.3333333333333,780.5,499.47
10200417,Zossener Straße,762,693,390,5,24,44,353,2,145,1,690.8328611898017,682.0,150.17,555.0,601.0,102.09,624.9230769230769,654.0,89.72,1002.0,693.0,549.99,824.202,824.202,153.94,908.75,790.0,389.38
10200418,Kyritzer Straße,689,655,379,5,18,15,351,7,164,6,693.2649572649573,659.0,189.6,584.2,559.0,67.6,614.6666666666666,615.0,93.03,796.5,807.5,62.4,813.2932857142856,804.384,141.88,854.5,788.5,272.25
10200419,Havelländer Ring,343,310,170,1,11,22,156,4,67,4,705.775641025641,675.0,196.79,495.0,495.0,,629.5,604.0,98.4,850.4,784.0,202.26,756.96775,777.637,56.8,872.3125,750.5,384.94
10200420,Gut Hellersdorf,949,901,475,13,26,22,414,2,292,2,617.7342995169082,589.0,171.49,457.5,460.5,35.34,609.8,603.5,128.89,681.0,682.0,102.33,766.042,766.042,81.63,811.25,655.5,423.77
10200421,Helle Mitte,498,458,237,2,17,23,199,4,135,2,632.5628140703518,592.0,204.41,429.0,429.0,,634.2857142857143,598.0,216.92,846.5,792.0,227.94,1063.535,1045.76,415.72,970.0,777.0,518.97
10200422,Hellersdorfer Promenade,705,659,364,3,25,21,316,7,135,4,712.746835443038,665.0,190.95,562.5,562.5,53.03,650.2222222222222,614.0,114.36,881.0,858.5,122.19,900.5728571428573,891.033,195.41,1074.625,884.5,445.14
10200423,Böhlener Straße,516,467,223,7,30,19,198,4,65,3,744.9494949494949,703.5,210.94,621.2,611.0,99.9,722.8,678.0,156.92,687.0,711.0,74.94,1099.6915,811.605,670.29,770.0833333333334,755.0,225.83
10200524,Adele-Sandrock-Straße,1121,1072,582,6,29,20,511,6,176,3,742.4774951076321,710.0,193.68,631.25,639.0,35.13,655.6,650.0,121.34,725.25,685.0,173.37,1003.9528333333332,895.6935,271.03,794.6923076923077,709.0,146.54
10200525,Schleipfuhl,594,562,351,6,19,12,290,1,122,0,707.2758620689655,668.0,177.9,549.0,554.0,50.0,830.75,769.5,230.04,973.5,973.5,2.12,946.543,946.543,,818.25,772.5,143.95
10200526,Boulevard Kastanienallee,606,547,278,2,42,17,235,8,130,8,651.868085106383,623.0,172.44,505.0,505.0,82.02,555.8636363636364,557.0,96.38,785.9230769230769,785.0,114.77,779.936125,798.375,94.31,831.7692307692307,788.0,350.23
10200627,Am Kienberg,329,313,160,2,5,10,146,0,110,0,553.5958904109589,481.5,241.16,434.5,434.5,10.61,469.5,469.5,43.13,,,,,,,538.8333333333334,390.0,300.34
10200628,Neue Grottkauer Straße,671,634,320,6,17,20,284,4,229,4,566.3732394366198,521.0,168.05,444.4,450.0,53.8,581.3636363636364,600.0,104.82,808.5,808.5,19.09,804.71825,796.1165000000001,44.02,776.9285714285714,719.0,281.3
10200629,Teterower Ring,1091,1015,555,7,29,45,504,4,380,2,571.1507936507936,523.5,190.16,533.8333333333334,453.5,150.06,505.0,501.0,67.56,830.5,830.5,101.12,847.7807499999999,864.7864999999999,207.38,752.5925925925926,626.0,458.89
10200630,Cecilienplatz,831,792,433,7,18,20,391,3,318,2,551.5038363171356,506.0,183.28,405.0,382.0,125.02,533.2857142857143,479.0,197.29,813.0,792.0,74.75,784.9110000000001,774.613,145.31,667.4444444444445,568.0,284.03
10300731,Oberfeldstraße,636,589,310,6,12,35,283,1,199,1,594.8021201413428,573.0,157.93,476.5,492.5,78.12,543.5,539.5,87.03,704.0,704.0,,629.2139999999999,629.2139999999999,,778.3461538461538,689.5,377.36
10300732,Buckower Ring,1147,807,452,5,31,24,420,17,321,11,561.7285714285714,530.0,188.84,451.6,464.0,115.27,573.9166666666666,576.5,152.6,685.9411764705883,668.0,74.49,856.3090588235294,847.36,201.01,719.75,588.0,267.79
10300733,Alt-Biesdorf,725,677,360,5,17,31,331,6,179,6,637.8700906344411,630.0,172.43,636.75,647.5,34.31,654.0,692.5,107.19,791.25,741.5,129.17,728.3433333333334,729.005,77.38,911.35,806.0,464.33
10300734,Biesdorf Süd,875,836,476,8,21,17,433,4,183,4,688.2933025404157,677.0,202.69,538.6,505.0,127.81,657.75,670.0,116.29,915.0,846.0,298.58,859.4490000000001,868.9415,36.99,968.75,916.0,237.67
10400835,Kaulsdorf Nord,558,532,292,8,9,17,272,1,191,0,609.4154411764706,588.5,179.84,551.1428571428571,531.0,142.03,524.8333333333334,550.0,135.88,594.0,594.0,,1656.01,1656.01,,668.4545454545455,567.0,349.75
10400836,Alt-Kaulsdorf,771,546,326,9,21,18,293,3,189,2,615.122866894198,595.0,195.5,485.8,464.0,82.7,539.6666666666666,495.0,98.78,655.25,660.5,124.43,785.7753333333334,700.463,159.48,600.1428571428571,653.0,309.41
10400837,Kaulsdorf Süd,630,605,334,4,13,12,298,1,112,1,726.2114093959732,717.5,198.76,613.6666666666666,656.0,115.47,616.8,547.0,154.56,871.0,871.0,,870.62,870.62,,1002.8888888888889,979.0,375.4
10400938,Mahlsdorf Nord,738,686,356,4,12,39,316,2,81,1,782.1645569620254,749.5,200.83,628.0,600.5,101.68,863.8,743.0,233.0,955.5,972.0,189.39,894.9205,894.9205,133.2,1010.6666666666666,937.0,379.97
10400939,Alt-Mahlsdorf,555,535,271,4,8,12,235,0,100,0,700.0382978723404,670.0,189.3,573.75,599.5,135.57,656.75,611.5,155.98,,,,,,,878.3333333333334,800.0,182.89
10400940,Elsensee,434,406,248,3,9,18,211,3,44,0,773.8530805687204,765.0,161.15,773.0,773.0,193.75,673.1666666666666,576.5,234.29,907.75,889.0,118.02,1036.2246666666667,1072.964,64.25,810.7,817.5,169.87
10400941,Pilgramer Straße,607,582,321,7,7,18,279,1,43,0,811.7311827956989,792.0,185.87,657.4,696.0,95.68,700.0,686.5,66.51,914.0,914.0,,913.664,913.664,,1155.7142857142858,1119.0,423.66
11100101,Dörfer Malchow-Wartenberg,327,296,159,1,12,19,145,3,88,1,630.696551724138,602.0,180.24,,,,794.25,764.5,283.89,1034.3333333333333,1115.0,284.7,1057.677,1142.824,305.76,1124.357142857143,1089.5,376.73
11100102,Dorf Falkenberg,253,244,114,2,5,4,103,1,62,0,635.6310679611651,597.0,179.64,565.5,565.5,28.99,779.0,852.5,311.52,860.0,860.0,,946.157,946.157,,1157.6666666666667,887.0,509.17
11100203,Falkenberg Ost,820,760,398,4,33,27,366,12,259,8,605.6803278688525,564.0,168.96,447.5,447.5,86.97,636.4761904761905,617.0,206.81,782.3333333333334,792.5,64.16,855.4855000000001,809.2415,200.62,1009.5217391304348,921.0,336.38
11100204,Falkenberg West,787,720,405,8,32,35,379,7,262,6,592.6121372031662,564.0,178.32,547.8,537.0,67.08,673.2222222222222,668.5,241.68,723.4285714285714,781.0,174.4,867.5047142857142,694.536,527.36,1014.9642857142857,895.5,441.0
11100205,Wartenberg Süd,603,569,307,4,21,13,274,5,196,3,594.6204379562043,520.5,207.61,573.3333333333334,460.0,208.54,634.3529411764706,602.0,228.51,1087.6666666666667,964.0,325.97,742.4473999999999,877.91,243.92,738.1,593.5,407.76
11100206,Wartenberg Nord,881,833,478,10,40,8,432,4,280,3,613.9074074074074,572.0,199.99,585.625,576.5,84.66,747.8888888888889,705.0,282.94,780.8571428571429,789.0,128.86,848.2842499999999,818.477,125.62,1024.5,1062.5,431.79
11100307,Zingster Straße Ost,1362,1288,708,12,32,42,641,8,323,4,673.7706708268331,649.0,164.93,610.2222222222222,510.0,237.72,592.0,563.0,131.4,848.2222222222222,806.0,315.05,856.996625,877.4965,162.12,957.0714285714286,992.0,288.83
11100308,Zingster Straße West,1081,1027,592,4,18,34,535,4,313,4,651.4056074766355,619.0,173.77,487.0,484.0,10.82,634.6,558.0,210.82,782.0,781.5,81.42,775.526,765.5935,59.51,837.3103448275862,790.0,311.04
11100309,Mühlengrund,728,690,349,11,27,10,318,1,202,1,637.9496855345911,608.5,176.38,515.875,500.0,53.36,731.6666666666666,699.5,159.78,1089.0,1089.0,,796.27,796.27,,913.5555555555555,793.0,382.56
11200410,Malchower Weg,927,857,450,8,35,34,405,7,257,5,630.7308641975309,604.0,170.14,579.2,564.0,194.41,670.6666666666666,676.0,129.18,828.5,817.0,167.23,897.429142857143,748.81,359.55,934.6363636363636,865.5,344.93
11200411,Hauptstraße,976,882,498,7,54,39,448,20,289,13,610.4553571428571,597.5,192.5,466.8333333333333,424.5,125.16,673.625,630.0,225.68,781.8333333333334,759.0,153.64,898.0337500000002,834.187,246.65,872.16,786.0,338.68
11200512,Orankesee,662,612,314,6,25,24,285,11,185,8,617.0035087719298,601.0,141.58,571.4,580.0,88.67,725.5,669.5,227.78,750.5384615384615,725.0,111.12,860.5320909090908,858.604,112.56,944.7857142857143,866.5,302.13
11200513,Große-Leege-Straße,813,752,387,1,37,23,354,16,262,14,583.8870056497175,566.0,159.92,495.0,495.0,,654.9130434782609,651.0,113.09,770.125,738.0,126.02,792.6006249999999,766.8365,107.93,994.1333333333333,938.0,399.19
11200514,Landsberger Allee,1881,1696,900,13,125,60,815,90,607,80,584.5705521472393,560.0,152.71,453.6666666666667,457.0,40.48,618.51,595.5,131.25,690.9642857142857,678.0,106.12,736.1969000000003,714.825,101.16,986.2727272727273,851.5,382.03
11200515,Weiße Taube,418,389,211,2,18,11,181,2,130,2,586.0718232044198,581.0,152.59,441.0,441.0,,639.0,636.0,104.46,668.3333333333334,690.0,70.06,776.95,776.95,141.83,980.7272727272727,973.0,257.49
11300616,Hohenschönhausener Straße,674,636,342,9,16,22,314,6,193,5,625.7101910828026,617.0,161.71,513.1666666666666,529.0,100.08,745.3636363636364,720.0,100.04,787.8333333333334,751.5,213.96,852.6016666666666,802.4114999999999,222.6,1191.25,1099.5,416.29
11300617,Fennpfuhlpark,726,685,361,3,23,18,320,6,197,5,634.43125,604.0,193.6,399.3333333333333,399.0,109.5,578.7692307692307,588.0,143.17,675.5,621.0,230.33,680.2883333333333,628.2085,121.08,832.7142857142857,751.0,272.03
11300618,Storkower Bogen,462,433,227,6,16,11,219,5,169,4,574.634703196347,553.0,165.38,446.8333333333333,428.0,91.97,581.6666666666666,563.0,81.64,807.3333333333334,667.0,438.83,909.0974,710.904,438.41,767.2857142857143,799.0,248.57
11300619,Rudolf-Seiffert-Park,725,685,320,9,22,18,296,7,242,6,543.3243243243244,515.0,153.12,422.3333333333333,428.0,121.02,620.5454545454545,580.0,145.15,654.8333333333334,664.0,102.26,741.6914285714286,732.047,120.87,1001.1333333333333,927.0,427.22
11300620,Fennpfuhl Ost,1259,1193,649,8,35,30,586,13,498,12,522.7064846416382,495.0,169.46,478.625,440.5,187.83,602.9285714285714,534.0,182.87,687.0,706.0,166.07,723.819076923077,709.587,99.11,978.2083333333334,1040.5,382.71
11300721,Herzbergstraße,1491,1025,546,11,165,60,477,102,338,84,585.1530398322851,575.0,184.71,382.5,387.5,127.79,638.4869565217391,631.0,117.89,729.0366972477065,709.0,174.67,796.7152254901961,776.4565,144.37,906.3913043478261,829.0,408.23
11300722,Rathaus Lichtenberg,1632,1538,861,23,51,42,764,15,652,14,519.0130890052357,492.0,145.69,441.75,422.5,97.84,545.9230769230769,532.0,95.49,622.3846153846154,638.0,103.25,720.0988,704.47,129.29,892.1,817.0,396.22
11300723,Bornitzstraße,252,194,101,2,53,5,92,18,83,15,503.39130434782606,474.5,170.34,425.0,425.0,83.44,574.3636363636364,490.0,193.59,663.258064516129,680.0,171.08,779.3716111111112,794.5185,130.69,819.0,819.0,451.13
11300724,Roedeliusplatz,441,404,215,3,14,23,188,1,165,1,520.0372340425532,504.0,134.53,476.0,476.0,,599.3333333333334,489.0,200.7,648.5,648.5,226.98,843.873,843.873,,981.7647058823529,912.0,471.6
11300725,Nibelungenviertel,1106,734,397,8,32,16,335,11,280,9,535.7343283582089,498.0,186.41,447.6,435.0,99.11,592.0,519.0,213.96,671.6666666666666,666.0,62.46,743.3695454545455,731.92,124.46,1096.0,1043.5,498.55
11300826,Frankfurter Allee Süd,1310,1227,616,16,44,38,536,14,380,11,590.7966417910447,569.0,176.47,476.1666666666667,453.0,77.28,671.85,646.0,112.67,732.0,709.0,143.7,828.8984285714286,794.2964999999999,177.74,1110.0666666666666,1052.5,376.55
11400927,Victoriastadt,270,240,106,5,19,11,97,6,60,6,638.4948453608248,612.0,222.58,537.0,453.0,281.56,555.3636363636364,530.0,59.93,606.4285714285714,654.0,140.97,644.7379999999999,636.8015,53.23,905.4285714285714,701.0,459.76
11400928,Nöldnerplatz,287,269,114,2,8,9,101,1,50,1,651.2871287128713,655.0,219.53,489.0,489.0,,637.75,652.5,171.4,562.0,562.0,,795.787,795.787,,969.1666666666666,894.5,393.86
11400929,Weitlingkiez,1202,1091,570,7,63,47,491,10,260,9,643.4236252545825,636.0,176.1,555.1428571428571,519.0,112.58,735.7948717948718,703.0,212.69,775.1,766.5,59.92,880.9691,808.097,270.22,1077.9142857142858,904.0,411.84
11400930,Zachertstraße,378,357,200,2,14,7,179,1,104,1,635.4581005586592,626.0,216.66,507.0,507.0,77.78,721.5714285714286,691.0,62.36,673.0,673.0,,724.72,724.72,,1446.75,1587.0,540.32
11400931,Massower Straße,832,769,391,7,36,27,346,15,216,14,621.8381502890173,607.5,170.1,517.1666666666666,522.0,140.4,663.6521739130435,644.0,115.57,689.8,709.0,126.1,749.8466,759.09,100.58,916.7,748.5,386.23
11401032,Rosenfelder Ring,769,718,366,6,18,33,315,5,176,5,641.9460317460317,623.0,190.36,466.6,497.0,172.72,629.375,641.5,75.45,684.6,685.0,72.72,710.0232,716.9,43.66,1118.2380952380952,854.0,468.58
11401033,Gensinger Straße,641,586,320,3,21,34,294,8,157,8,645.5272108843537,634.5,180.73,677.5,677.5,94.05,600.8181818181819,594.0,109.26,671.5,710.0,169.61,756.688625,765.15,71.59,797.1052631578947,721.0,309.25
11401034,Tierpark,524,490,278,1,16,17,246,7,138,6,635.4186991869918,630.5,190.67,,,,699.0,690.0,164.2,767.8571428571429,764.0,118.85,802.2675714285715,799.196,109.96,1092.3,1145.0,415.86
11401135,Dolgenseestraße,1191,1109,579,10,44,37,482,15,235,13,682.0477178423237,657.5,198.07,672.25,669.5,115.09,690.4545454545455,706.5,181.23,802.125,816.5,155.56,822.7342000000001,855.413,144.33,1168.1666666666667,1056.0,443.76
11401136,Volkradstraße,923,884,454,11,16,23,399,6,196,4,661.671679197995,651.0,178.77,588.0,611.5,150.63,758.4166666666666,771.5,127.27,883.3333333333334,894.0,119.47,897.6914999999999,853.98,156.44,1142.5333333333333,1094.0,359.11
11401137,Erieseering,1140,1048,553,6,53,39,489,9,254,7,656.4539877300614,644.0,186.32,587.6,569.0,181.84,688.5277777777778,719.0,149.31,819.2222222222222,789.0,93.61,800.8967777777777,744.657,116.46,1244.2173913043478,1428.0,413.97
11501238,Rummelsburg,481,436,204,1,21,24,177,8,89,1,671.4011299435028,652.0,201.5,593.0,593.0,,801.6666666666666,752.5,159.69,940.875,888.5,265.76,1051.5395,1028.6245,274.49,1152.0,1204.0,312.0
11501339,Karlshorst West,645,591,328,8,28,26,267,9,131,2,663.2584269662922,639.0,230.59,594.0,617.0,140.72,758.0,772.0,79.52,960.4,1010.5,143.4,1022.2534444444443,999.534,220.98,890.1818181818181,858.0,352.09
11501340,Karlshorst Nord,934,884,492,6,25,24,420,5,184,3,688.0714285714286,681.5,214.58,662.4,708.0,251.48,896.2307692307693,870.0,237.25,871.1666666666666,854.0,181.73,838.7792,790.33,117.88,1299.25,1328.0,422.78
11501341,Karlshorst Süd,642,596,304,1,22,24,257,2,120,0,679.2529182879377,660.0,208.29,,,,730.9166666666666,711.0,184.87,795.5,795.5,113.84,1215.1695,1215.1695,356.01,1085.2857142857142,1045.0,409.73
12100101,Letteplatz,1036,965,540,9,34,36,486,10,313,10,621.6666666666666,600.5,173.18,474.5,475.5,65.99,636.65,574.0,225.34,632.8461538461538,623.0,110.43,719.4801000000001,732.4970000000001,74.61,851.8,754.5,312.34
12100102,Hausotterplatz,998,944,565,7,27,26,488,8,298,7,639.1434426229508,616.5,181.18,578.0,575.0,87.94,612.8823529411765,647.0,109.4,824.7,801.0,95.66,797.164625,727.612,245.92,945.2608695652174,864.0,337.18
12100103,Breitkopfbecken,903,851,456,9,21,31,398,4,259,3,628.0628140703518,595.0,191.43,482.2,509.0,83.53,631.0833333333334,625.5,90.17,784.0,752.5,156.13,871.7625,707.7165,466.56,744.1111111111111,730.0,228.15
12100204,Schäfersee,1202,1113,609,9,39,50,541,9,399,9,578.3548983364141,561.0,163.21,402.25,400.0,17.25,602.25,599.0,129.05,706.7,692.0,137.55,705.8154444444443,676.03,106.19,845.578947368421,792.0,315.19
12100205,Teichstraße,1963,1807,950,20,100,55,838,34,638,31,573.5883054892602,541.5,182.78,484.8,433.5,148.85,576.448275862069,560.0,115.98,768.2058823529412,680.5,271.2,755.6099117647055,708.1765,168.76,794.6136363636364,747.0,353.09
12100206,Humboldtstraße,489,458,247,6,12,19,216,2,151,2,610.1481481481482,586.5,206.32,409.0,407.5,44.44,575.0,554.5,69.44,597.0,597.0,124.45,669.8165,669.8165,70.27,828.25,742.0,302.65
12200307,Reinickes Hof,442,421,230,5,8,12,213,2,152,2,597.9765258215963,583.0,171.28,471.0,476.5,113.14,607.4,618.0,66.32,652.0,652.0,,706.762,706.762,17.91,774.5833333333334,719.0,211.92
12200308,Mellerbogen,533,501,268,4,10,22,229,3,108,2,686.8689956331878,656.0,179.99,588.5,589.0,31.71,664.5,653.0,91.92,895.0,895.0,251.73,793.7146666666667,742.84,111.54,875.3529411764706,824.0,212.65
12200309,Scharnweberstraße,1303,1216,601,10,50,37,526,22,343,18,620.106463878327,593.5,188.47,518.8,549.0,96.63,620.4,623.5,100.76,732.6666666666666,704.0,142.4,787.1617272727273,725.4935,170.66,834.448275862069,845.0,265.93
12200310,Klixstraße,870,821,427,5,18,30,367,5,227,5,633.7820163487738,611.0,168.96,577.0,577.0,29.7,670.875,640.5,65.55,923.75,883.0,196.1,757.213,759.847,65.74,956.12,920.0,351.82
12200411,Schumacher-Quartier,91,77,39,0,9,5,36,1,21,1,676.5277777777778,621.0,226.3,,,,574.5,568.5,78.65,672.0,672.0,,697.957,697.957,,965.8,929.0,125.89
12200412,Waldidyll/Flughafensee,850,770,427,8,33,45,360,6,227,3,624.7,584.5,211.11,549.1666666666666,528.5,92.4,838.0,662.5,446.5,925.5555555555555,832.0,409.35,834.3278333333333,846.848,145.2,921.0645161290323,881.0,376.71
12200413,Tegel Süd,780,733,410,9,20,27,361,3,244,3,608.3407202216066,555.0,199.85,503.125,467.5,104.52,764.3636363636364,680.0,322.05,731.2,722.0,124.23,769.0666666666666,748.493,44.37,1106.7619047619048,1124.0,391.95
12200414,TXL,320,284,158,5,25,10,134,9,58,9,731.3731343283582,694.5,264.63,483.0,487.0,77.08,621.4615384615385,602.0,210.28,669.4285714285714,775.0,223.02,744.4174444444445,732.633,85.86,610.8333333333334,697.0,389.49
12200515,Alt-Tegel,2208,2069,1086,11,64,73,908,19,692,15,536.75,469.0,220.77,361.0,357.0,108.52,498.09090909090907,462.0,131.42,765.5416666666666,737.0,268.55,833.7856842105263,811.573,119.59,791.7413793103449,580.0,456.03
12400616,Konradshöhe/Tegelort,496,473,256,4,10,13,197,1,151,1,583.1269035532995,523.0,231.74,810.0,759.0,295.51,615.1666666666666,615.0,91.42,849.0,849.0,,896.963,896.963,,971.5555555555555,933.0,351.73
12400617,Alt-Heiligensee,488,458,249,5,12,18,195,5,42,2,797.4615384615385,758.0,205.48,740.0,702.5,100.98,887.0,948.5,207.91,927.8,891.0,98.94,993.9948,946.19,137.05,1244.5555555555557,1178.0,470.97
12400618,Heiligensee Nord,387,362,201,1,6,19,163,0,28,0,823.4233128834355,793.0,202.95,564.0,564.0,,748.5,748.5,204.35,,,,,,,1180.142857142857,1083.5,447.77
12400619,Heiligensee,626,580,328,3,14,32,270,1,70,0,755.8407407407408,734.0,165.83,555.0,555.0,,777.3333333333334,731.0,106.29,769.0,769.0,,3155.74,3155.74,,1110.2380952380952,1062.0,398.48
12400720,Frohnau West,761,720,411,9,9,31,321,2,115,0,748.006230529595,701.0,248.41,703.8888888888889,702.0,171.02,780.8333333333334,809.5,126.79,981.0,981.0,,996.887,996.887,23.01,943.2941176470588,903.0,320.91
12400721,Frohnau Ost,696,641,332,6,19,34,258,6,150,0,657.062015503876,623.0,175.68,608.4,628.0,68.3,726.875,738.0,116.14,1195.2,1161.0,315.3,1065.8368333333335,989.3205,156.72,1074.4736842105262,1037.0,328.68
12400722,Hermsdorf West,871,676,402,8,19,26,329,3,259,0,551.4772036474164,521.0,184.27,405.85714285714283,430.0,70.18,547.4444444444445,517.0,161.87,1038.25,1081.0,192.66,1187.6443333333334,1181.994,105.5,1017.65,1086.5,425.11
12400723,Hermsdorf Ost/Waldsee,616,576,306,7,18,22,256,3,205,1,566.1015625,545.5,165.46,494.0,494.0,52.33,611.5555555555555,505.0,218.01,1061.6666666666667,777.0,601.81,977.9119999999999,1065.873,174.84,761.9473684210526,584.0,378.68
12500824,Ziekowstraße/Freie Scholle,990,929,532,11,20,39,451,3,320,2,599.4279379157427,559.0,199.82,485.4,450.5,116.0,593.7777777777778,566.0,115.23,800.25,813.0,203.66,874.2490000000001,854.447,196.77,881.0625,915.0,351.91
12500825,Borsigwalde,811,725,389,8,46,38,336,22,259,16,582.6636904761905,545.0,189.58,463.57142857142856,448.0,67.46,605.5,584.5,119.74,719.3181818181819,658.5,159.6,850.5634545454545,832.755,161.35,831.551724137931,770.0,333.27
12500926,Wittenau Süd,1179,1139,659,12,22,18,584,4,452,4,544.9246575342465,504.5,188.04,402.6666666666667,390.0,78.6,549.0,527.5,167.84,644.1666666666666,676.0,117.29,752.926,754.672,60.7,730.5625,675.5,281.0
12500927,Wittenau Nord,1075,831,461,12,42,19,407,20,270,12,605.5773955773956,573.0,195.17,411.77777777777777,452.0,91.35,615.1428571428571,606.0,159.28,853.7272727272727,831.0,283.94,923.7814499999997,839.0215000000001,329.26,841.6666666666666,735.0,348.05
12500928,Waidmannslust,491,459,254,2,19,13,217,7,159,6,583.6820276497696,552.0,175.49,441.0,441.0,4.24,581.4,564.0,84.45,665.0,669.5,79.66,705.2571428571429,649.767,110.35,790.4,721.0,278.61
12500929,Lübars,488,459,267,4,16,13,234,1,76,0,731.0726495726495,701.0,185.4,653.0,665.0,89.6,730.5555555555555,718.0,97.58,660.0,660.0,,903.996,903.996,,814.6,781.0,159.78
12500930,Wittenau Mitte,1174,1110,624,8,33,30,549,13,360,13,606.7285974499089,567.0,197.79,407.0,414.5,135.77,638.2941176470588,610.0,160.3,855.0,743.0,298.35,747.7189230769231,776.347,84.26,766.6923076923077,700.0,339.39
12601031,Lübarser Straße,502,462,233,2,22,18,199,6,136,4,603.9045226130653,572.0,203.65,,,,571.4615384615385,562.0,121.26,834.8333333333334,868.5,160.72,798.8298333333332,799.6030000000001,182.73,789.0,743.0,255.64
12601032,Rollbergesiedlung,752,686,379,3,36,30,333,4,198,4,656.9249249249249,617.0,201.13,641.5,641.5,41.72,658.1304347826087,628.0,135.75,688.5,688.5,99.7,668.235,629.465,85.66,805.5714285714286,778.5,238.55
12601133,Treuenbrietzener Straße,1312,1242,682,15,42,27,600,14,274,7,690.4566666666667,665.0,176.22,542.4444444444445,553.0,88.79,636.05,631.0,166.61,954.9,947.0,110.97,944.0780714285714,909.8734999999999,202.66,861.3157894736842,791.0,186.88
12601134,Märkisches Zentrum,2107,1981,1114,12,72,53,1013,21,454,16,693.822309970385,668.0,197.92,505.3333333333333,472.5,216.51,693.9795918367347,688.0,174.97,900.8571428571429,835.0,282.25,867.7412380952383,832.804,184.94,914.829268292683,866.0,302.16
12601235,Dannenwalder Weg,1041,987,542,9,28,25,473,2,278,2,645.7103594080338,607.0,204.5,544.25,543.5,115.87,601.2727272727273,602.0,128.15,750.0,750.0,103.24,794.7270000000001,794.7270000000001,139.36,815.4117647058823,803.0,231.17
12601236,Schorfheidestraße,335,328,182,4,3,4,156,1,115,1,572.2948717948718,516.0,186.07,458.0,458.0,18.38,675.3333333333334,694.0,102.29,1382.0,1382.0,,735.95,735.95,,655.75,667.5,123.78
